region,point,lat_deg,lon_deg,max_observed_gap_min,mean_start_interval_min,max_start_interval_min,max_complete_gap_min,time_availability_pct,access_windows,optical_max_gap_min,optical_mean_start_interval_min
fujian,fujian_001,23.616366512,117.340748369,14,7.99496555378908,17.1666666666667,14,22.3470568783069,1260,815,18.1546329723225
fujian,fujian_002,24,117.5,13.8333333333333,7.47693452380952,17.1666666666667,13.8333333333333,23.6516203703704,1346,819.833333333333,17.0033840947547
fujian,fujian_003,24.5,117,13.6666666666667,6.33742395636669,17.1666666666667,13.6666666666667,26.264880952381,1591,815.333333333333,14.3859523809524
fujian,fujian_004,24.5,117.5,13.6666666666667,6.33092091462136,17.1666666666667,13.6666666666667,26.2524801587302,1591,819.166666666667,14.2692671394799
fujian,fujian_005,24.5,118,13.6666666666667,6.33889939088427,17.1666666666667,13.6666666666667,26.270667989418,1589,819.166666666667,14.6006289308176
fujian,fujian_006,25,116,5.33333333333333,4.71304957904584,6.83333333333333,5.33333333333333,31.6112764550265,2139,815.333333333333,10.7196808510638
fujian,fujian_007,25,116.5,5.33333333333333,4.71746254681648,6.83333333333333,5.33333333333333,31.5914351851852,2137,815,10.6516913319239
fujian,fujian_008,25,117,5.33333333333333,4.71110071718117,6.83333333333333,5.33333333333333,31.5815145502646,2140,814.833333333333,10.7266595669152
fujian,fujian_009,25,117.5,5.33333333333333,4.70457730032695,6.83333333333333,5.33333333333333,31.5732473544974,2143,814.833333333333,10.6926751592357
fujian,fujian_010,25,118,5.33333333333333,4.6958041958042,6.83333333333333,5.33333333333333,31.5715939153439,2147,814.833333333333,10.6474630021142
fujian,fujian_011,25,118.5,5.33333333333333,4.69361602982293,6.83333333333333,5.33333333333333,31.5798611111111,2148,814.666666666667,10.6587301587302
fujian,fujian_012,25.142348392,115.907439263,5.16666666666667,4.68238847583643,6.83333333333333,5.16666666666667,32.5719246031746,2153,815.166666666667,10.618018967334
fujian,fujian_013,25.5,116.5,5,4.51875934230194,6.66666666666667,5,33.9541997354497,2231,815,10.2720013591573
fujian,fujian_014,25.5,117,5,4.5127688172043,6.66666666666667,5,33.932705026455,2234,814.666666666667,10.2362804878049
fujian,fujian_015,25.5,117.5,5,4.51674140508221,6.66666666666667,5,33.9277447089947,2232,814.5,10.267414203194
fujian,fujian_016,25.5,118,5,4.51067323481117,6.66666666666667,5,33.8996362433862,2235,814.666666666667,10.246524245507
fujian,fujian_017,25.5,118.5,5,4.50872873769024,6.66666666666667,5,33.8897156084656,2236,814.833333333333,10.2362804878049
fujian,fujian_018,25.5,119,5,4.49665178571429,6.66666666666667,5,33.8930224867725,2242,814.833333333333,10.1845298281092
fujian,fujian_019,25.5,119.5,5,4.50268216361198,6.66666666666667,5,33.9211309523809,2239,814.833333333333,10.2362804878049
fujian,fujian_020,26,116.5,4.83333333333333,4.48656273199703,6.5,4.83333333333333,34.401455026455,2246,815,10.1740740740741
fujian,fujian_021,26,117,4.83333333333333,4.4846393588602,6.5,4.83333333333333,34.3964947089947,2247,814.333333333333,10.2258883248731
fujian,fujian_022,26,117.5,4.83333333333333,4.48663697104677,6.5,4.83333333333333,34.369212962963,2247,814.5,10.2051671732523
fujian,fujian_023,26,118,4.83333333333333,4.4846393588602,6.5,4.83333333333333,34.3741732804233,2248,814.5,10.1742424242424
fujian,fujian_024,26,118.5,4.83333333333333,4.48656273199703,6.5,4.83333333333333,34.3840939153439,2247,814.833333333333,10.2153482082488
fujian,fujian_025,26,119,4.83333333333333,4.48663697104677,6.5,4.83333333333333,34.380787037037,2247,814.5,10.1845298281092
fujian,fujian_026,26,119.5,4.83333333333333,4.48663697104677,6.5,4.83333333333333,34.3791335978836,2247,814.666666666667,10.1845298281092
fujian,fujian_027,26.5,117,4.66666666666667,4.71993127147766,6.5,4.66666666666667,33.7781084656085,2135,814.5,10.7266595669152
fujian,fujian_028,26.5,117.5,4.66666666666667,4.71551186017478,6.5,4.66666666666667,33.7731481481481,2137,814.5,10.6924982307148
fujian,fujian_029,26.5,118,4.66666666666667,4.71779859484778,6.5,4.66666666666667,33.7475198412698,2137,814.333333333333,10.7382729211087
fujian,fujian_030,26.5,118.5,4.66666666666667,4.71558988764045,6.5,4.66666666666667,33.7673611111111,2138,815.166666666667,10.7154255319149
fujian,fujian_031,26.5,119,4.66666666666667,4.71558988764045,6.5,4.66666666666667,33.7640542328042,2138,814.5,10.7154255319149
fujian,fujian_032,26.5,119.5,4.66666666666667,4.71772053083528,6.5,4.66666666666667,33.7640542328042,2137,814.5,10.7380952380952
fujian,fujian_033,27,117,4.83333333333333,4.98638613861386,6.5,4.83333333333333,32.2734788359788,2021,814.333333333333,11.330146231721
fujian,fujian_034,27,117.5,4.83333333333333,4.98391885205344,6.5,4.83333333333333,32.296626984127,2022,814.5,11.3047138047138
fujian,fujian_035,27,118,4.83333333333333,4.9888558692422,6.5,4.83333333333333,32.2883597883598,2020,814.5,11.3556933483653
fujian,fujian_036,27,118.5,4.83333333333333,4.98383638462807,6.5,4.83333333333333,32.2833994708995,2022,815.5,11.2792086599477
fujian,fujian_037,27,119,4.66666666666667,4.98638613861386,6.5,4.66666666666667,32.2924933862434,2022,814.333333333333,11.3685101580135
fujian,fujian_038,27,119.5,4.83333333333333,4.9888558692422,6.5,4.83333333333333,32.2974537037037,2021,814.333333333333,11.3556933483653
fujian,fujian_039,27,120,4.83333333333333,4.98638613861386,6.5,4.83333333333333,32.2941468253968,2022,815.5,11.3174157303371
fujian,fujian_040,27.287413743,120.541400082,4.83333333333333,5.16726495726496,6.66666666666667,4.83333333333333,31.1987433862434,1951,815.5,11.6892884764114
fujian,fujian_041,27.5,117.5,4.83333333333333,5.31530343007916,6.66666666666667,4.83333333333333,30.2066798941799,1896,814.166666666667,12.0918367346939
fujian,fujian_042,27.5,118,4.83333333333333,5.31530343007916,6.66666666666667,4.83333333333333,30.2066798941799,1896,814.833333333333,12.0484449760766
fujian,fujian_043,27.5,118.5,4.83333333333333,5.31530343007916,6.66666666666667,4.83333333333333,30.2215608465608,1896,816.833333333333,12.1795646916566
fujian,fujian_044,27.5,119,4.83333333333333,5.31530343007916,6.66666666666667,4.83333333333333,30.229828042328,1896,815.666666666667,12.0918367346939
fujian,fujian_045,27.5,119.5,4.83333333333333,5.3125,6.66666666666667,4.83333333333333,30.2215608465608,1897,814.333333333333,12.0918367346939
fujian,fujian_046,28,118,5.5,5.72301136363636,7.16666666666667,5.5,27.4636243386243,1761,817,13.0642023346303
fujian,fujian_047,28,118.5,5.5,5.71327283040272,7.16666666666667,5.5,27.4702380952381,1764,820.833333333333,12.9967741935484
fujian,fujian_048,28.390088225,118.590948388,9,6.10814635132404,10.8333333333333,9,25.0214947089947,1650,820.833333333333,13.9699491447064
malaysia,malaysia_001,0.853821,110.575779,38.8333333333333,20.5081632653061,40.5,38.8333333333333,7.48263888888889,491,837.666666666667,46.0963302752294
malaysia,malaysia_002,1,110.5,38.8333333333333,19.8205128205128,40.5,38.8333333333333,7.80671296296296,508,837.833333333333,44.8616071428571
malaysia,malaysia_003,1.5,103.5,21.8333333333333,17.9548425430778,23.6666666666667,21.8333333333333,8.8343253968254,562,820.666666666667,40.2906666666667
malaysia,malaysia_004,1.5,104,22,17.9545454545455,23.6666666666667,22,8.8343253968254,562,821.666666666667,40.4518072289157
malaysia,malaysia_005,1.5,110,21.8333333333333,17.8892835997632,23.5,21.8333333333333,8.87483465608466,564,821.333333333333,40.1261620185923
malaysia,malaysia_006,1.5,110.5,21.8333333333333,17.8886915334517,23.5,21.8333333333333,8.8599537037037,564,820.666666666667,40.2853333333333
malaysia,malaysia_007,1.5,111.5,21.8333333333333,17.9107354685647,23.5,21.8333333333333,8.83349867724868,563,820.666666666667,39.9437830687831
malaysia,malaysia_008,1.5,112,22,17.9110320284698,23.5,22,8.82853835978836,563,821.5,40.753036437247
malaysia,malaysia_009,1.5,113.5,21.8333333333333,17.9443452380952,23.6666666666667,21.8333333333333,8.8260582010582,561,820.666666666667,40.5194892473118
malaysia,malaysia_010,1.5,114,22,17.9126559714795,23.6666666666667,22,8.82936507936508,562,821.333333333333,40.196
malaysia,malaysia_011,1.5,114.5,22,17.9767441860465,23.6666666666667,22,8.82109788359788,560,820.5,40.849593495935
malaysia,malaysia_012,2,103,21.5,16.2985436893204,23.1666666666667,21.5,9.82804232804233,619,820.166666666667,36.7609489051095
malaysia,malaysia_013,2,103.5,21.5,16.2982740021575,23.1666666666667,21.5,9.79828042328042,619,820.166666666667,36.8949938949939
malaysia,malaysia_014,2,104,21.5,16.3244192328471,23.1666666666667,21.5,9.79993386243386,618,820.166666666667,36.7597323600973
malaysia,malaysia_015,2,111.5,21.5,16.3230686115613,23.1666666666667,21.5,9.80076058201058,618,820.166666666667,36.6230303030303
malaysia,malaysia_016,2,112,21.5,16.3146947595894,23.1666666666667,21.5,9.78753306878307,618,821.333333333333,37.0079656862745
malaysia,malaysia_017,2,112.5,21.5,16.3149648838466,23.1666666666667,21.5,9.78587962962963,618,814.833333333333,36.6048484848485
malaysia,malaysia_018,2,113,21.5,16.3417207792208,23.1666666666667,21.5,9.79580026455026,617,814.833333333333,36.6054545454545
malaysia,malaysia_019,2,113.5,21.5,16.3133116883117,23.1666666666667,21.5,9.78670634920635,617,814.833333333333,36.5418181818182
malaysia,malaysia_020,2,114,21.5,16.2868719611021,23.1666666666667,21.5,9.79828042328042,618,820.166666666667,36.5418181818182
malaysia,malaysia_021,2,114.5,21.5,16.340108401084,23.1666666666667,21.5,9.79332010582011,616,820.333333333333,36.8101343101343
malaysia,malaysia_022,2.5,102,16.1666666666667,14.9224691358025,17.8333333333333,16.1666666666667,10.6316137566138,676,820,33.3532008830022
malaysia,malaysia_023,2.5,102.5,16.1666666666667,14.9663199603764,17.8333333333333,16.1666666666667,10.6266534391534,674,820,33.7997762863535
malaysia,malaysia_024,2.5,103,16.1666666666667,14.9438674579624,17.8333333333333,16.1666666666667,10.6283068783069,675,820,33.5738888888889
malaysia,malaysia_025,2.5,103.5,16.1666666666667,14.9214814814815,17.8333333333333,16.1666666666667,10.6266534391534,676,820,33.5733333333333
malaysia,malaysia_026,2.5,111.5,16.1666666666667,14.9655770183259,17.8333333333333,16.1666666666667,10.6076388888889,674,820,33.7980984340045
malaysia,malaysia_027,2.5,112,16.1666666666667,14.9431256181998,17.8333333333333,16.1666666666667,10.6125992063492,675,820,33.4606866002215
malaysia,malaysia_028,2.5,112.5,16.1666666666667,14.9354599406528,17.8333333333333,16.1666666666667,10.6109457671958,675,815,33.555
malaysia,malaysia_029,2.5,113,16.1666666666667,14.9761549925484,17.8333333333333,16.1666666666667,10.6051587301587,672,815,33.8350168350168
malaysia,malaysia_030,2.5,113.5,16.1666666666667,14.9318969787023,17.8333333333333,16.1666666666667,10.6183862433862,674,815,33.3859357696567
malaysia,malaysia_031,2.5,114,16.1666666666667,14.9318969787023,17.8333333333333,16.1666666666667,10.6134259259259,674,820.166666666667,33.8355780022447
malaysia,malaysia_032,2.5,114.5,16.1666666666667,14.9764033780427,17.8333333333333,16.1666666666667,10.610119047619,672,820,33.8355780022447
malaysia,malaysia_033,2.5,115,16.1666666666667,14.9541170634921,17.8333333333333,16.1666666666667,10.6183862433862,673,820,33.8355780022447
malaysia,malaysia_034,3,101.5,16.5,13.7979452054795,18.1666666666667,16.5,11.1970899470899,731,815.333333333333,31.087962962963
malaysia,malaysia_035,3,102,16.5,13.7036281179138,18.1666666666667,16.5,11.2070105820106,736,815.5,30.6144883485309
malaysia,malaysia_036,3,102.5,16.5,13.7220708446866,18.1666666666667,16.5,11.2037037037037,735,819.833333333333,31.1826625386997
malaysia,malaysia_037,3,103,16.5,13.7027210884354,18.1666666666667,16.5,11.2020502645503,736,819.833333333333,30.7057926829268
malaysia,malaysia_038,3,112.5,16.5,13.6977747502271,18.1666666666667,16.5,11.1855158730159,735,815.333333333333,30.8410020449898
malaysia,malaysia_039,3,113,16.5,13.6791383219955,18.1666666666667,16.5,11.1607142857143,736,815.333333333333,30.7466870540265
malaysia,malaysia_040,3,113.5,16.5,13.672335600907,18.1666666666667,16.5,11.1640211640212,736,815.166666666667,30.6377032520325
malaysia,malaysia_041,3,114,16.5,13.6909627611262,18.1666666666667,16.5,11.1689814814815,735,815.333333333333,31.2085921325052
malaysia,malaysia_042,3,114.5,16.5,13.7285974499089,18.1666666666667,16.5,11.1772486772487,733,819.833333333333,30.9210256410256
malaysia,malaysia_043,3,115,16.5,13.7473780209758,18.1666666666667,16.5,11.1706349206349,732,819.833333333333,30.9210256410256
malaysia,malaysia_044,3.5,101.5,17,12.5902083333333,18.5,17,11.2549603174603,801,815.5,28.2926029962547
malaysia,malaysia_045,3.5,102,17,12.5417185554172,18.5,17,11.2615740740741,804,815.666666666667,27.8204419889503
malaysia,malaysia_046,3.5,102.5,17,12.5575644222776,18.5,17,11.2781084656085,803,815.833333333333,28.7747619047619
malaysia,malaysia_047,3.5,103,17,12.5891666666667,18.6666666666667,17,11.2896825396825,801,815.5,27.7447199265381
malaysia,malaysia_048,3.5,113.5,17,12.5207555002076,18.6666666666667,17,11.264880952381,804,815.833333333333,27.8508771929825
malaysia,malaysia_049,3.5,114,17,12.5992063492063,18.6666666666667,17,11.2566137566138,799,815.5,28.7261904761905
malaysia,malaysia_050,3.5,114.5,17,12.5773884021694,18.6666666666667,17,11.2450396825397,800,815.666666666667,28.0707635009311
malaysia,malaysia_051,3.5,115,17,12.5461922596754,18.6666666666667,17,11.235119047619,802,815.833333333333,28.2289325842697
malaysia,malaysia_052,3.5,115.5,17,12.563125,18.6666666666667,17,11.2268518518519,801,815.833333333333,28.5525568181818
malaysia,malaysia_053,4,101,33.8333333333333,12.5273631840796,35.5,33.8333333333333,11.317791005291,805,816.166666666667,28.2128851540616
malaysia,malaysia_054,4,101.5,33.8333333333333,12.5522263836871,35.3333333333333,33.8333333333333,11.3062169312169,802,832.5,28.2425093632959
malaysia,malaysia_055,4,102,33.8333333333333,12.4898550724638,35.3333333333333,33.8333333333333,11.3078703703704,806,832.666666666667,27.6978879706152
malaysia,malaysia_056,4,102.5,33.8333333333333,12.541303445413,35.3333333333333,33.8333333333333,11.2847222222222,804,832.5,28.6913580246914
malaysia,malaysia_057,4,103,33.8333333333333,12.55714879468,35.3333333333333,33.8333333333333,11.2665343915344,803,832.666666666667,27.7433425160698
malaysia,malaysia_058,4,114,33.8333333333333,12.568125,35.3333333333333,33.8333333333333,11.2433862433862,801,832.5,28.6452991452991
malaysia,malaysia_059,4,114.5,33.8333333333333,12.5524344569288,35.5,33.8333333333333,11.2450396825397,802,832.666666666667,28.0851955307263
malaysia,malaysia_060,4,115,33.8333333333333,12.545625,35.5,33.8333333333333,11.2582671957672,801,832.5,28.1924157303371
malaysia,malaysia_061,4,115.5,33.8333333333333,12.5397916666667,35.5,33.8333333333333,11.2549603174603,801,832.666666666667,28.662380952381
malaysia,malaysia_062,4.5,101,34.1666666666667,12.4739454094293,35.8333333333333,34.1666666666667,11.3376322751323,807,832.666666666667,28.2415730337079
malaysia,malaysia_063,4.5,101.5,34.1666666666667,12.4739454094293,35.8333333333333,34.1666666666667,11.344246031746,807,832.666666666667,27.8504155124654
malaysia,malaysia_064,4.5,102,34.1666666666667,12.4739454094293,35.8333333333333,34.1666666666667,11.3425925925926,807,832.833333333333,27.6208791208791
malaysia,malaysia_065,4.5,102.5,34.1666666666667,12.4741521918941,35.8333333333333,34.1666666666667,11.3425925925926,807,833,28.3215962441315
malaysia,malaysia_066,4.5,103,34.1666666666667,12.5049751243781,35.8333333333333,34.1666666666667,11.3458994708995,805,821.666666666667,27.8504155124654
malaysia,malaysia_067,4.5,114,34.1666666666667,12.5147547797174,35.8333333333333,34.1666666666667,11.3062169312169,803,832.666666666667,28.432955618508
malaysia,malaysia_068,4.5,115,34.1666666666667,12.468115942029,35.6666666666667,34.1666666666667,11.3029100529101,806,822,28.0358472998138
malaysia,malaysia_069,4.5,115.5,34.1666666666667,12.4989622249896,35.6666666666667,34.1666666666667,11.2896825396825,804,832.833333333333,28.3521657250471
malaysia,malaysia_070,4.5,116,34.1666666666667,12.467701863354,35.6666666666667,34.1666666666667,11.2929894179894,806,832.833333333333,27.8019390581717
malaysia,malaysia_071,4.5,116.5,34.1666666666667,12.4929431299294,35.8333333333333,34.1666666666667,11.3012566137566,804,832.833333333333,28.418791312559
malaysia,malaysia_072,4.5,117,34.1666666666667,12.5315876974231,35.8333333333333,34.1666666666667,11.3078703703704,803,832.666666666667,28.0735567970205
malaysia,malaysia_073,4.5,117.5,34.1666666666667,12.4621118012422,35.8333333333333,34.1666666666667,11.3260582010582,806,833.166666666667,28.0223463687151
malaysia,malaysia_074,4.5,118,34.1666666666667,12.4931506849315,35.8333333333333,34.1666666666667,11.3277116402116,804,832.833333333333,28.4192634560907
malaysia,malaysia_075,4.5,118.5,34.1666666666667,12.4844527363184,35.8333333333333,34.1666666666667,11.3343253968254,805,832.666666666667,27.8819444444444
malaysia,malaysia_076,5,100.5,39.6666666666667,12.4426567656766,41.3333333333333,39.6666666666667,11.3690476190476,809,833,27.7725598526703
malaysia,malaysia_077,5,101,39.6666666666667,12.4119341563786,41.3333333333333,39.6666666666667,11.3822751322751,811,833,27.8494921514312
malaysia,malaysia_078,5,101.5,39.6666666666667,12.4272764730119,41.3333333333333,39.6666666666667,11.385582010582,810,838.5,28.0046425255339
malaysia,malaysia_079,5,102,39.6666666666667,12.4428630363036,41.1666666666667,39.6666666666667,11.3971560846561,809,834.166666666667,27.7730202578269
malaysia,malaysia_080,5,102.5,39.6666666666667,12.4274824886691,41.1666666666667,39.6666666666667,11.4103835978836,810,833.166666666667,28.0833333333333
malaysia,malaysia_081,5,103,39.5,12.4121399176955,41.1666666666667,39.5,11.4136904761905,811,822,27.7730202578269
malaysia,malaysia_082,5,115.5,39.6666666666667,12.468115942029,41.3333333333333,39.6666666666667,11.344246031746,806,833.333333333333,28.1933520599251
malaysia,malaysia_083,5,116,39.6666666666667,12.4220297029703,41.3333333333333,39.6666666666667,11.3475529100529,809,833.166666666667,27.8805555555556
malaysia,malaysia_084,5,116.5,39.6666666666667,12.4372160264354,41.3333333333333,39.6666666666667,11.3343253968254,808,833,28.0358472998138
malaysia,malaysia_085,5,117,39.6666666666667,12.4174937965261,41.3333333333333,39.6666666666667,11.3475529100529,807,833,27.8788300835655
malaysia,malaysia_086,5,117.5,39.6666666666667,12.4528535980149,41.3333333333333,39.6666666666667,11.3161375661376,807,833.5,28.1148459383753
malaysia,malaysia_087,5,118,39.6666666666667,12.45264681555,41.3333333333333,39.6666666666667,11.3343253968254,807,838.5,28.0358472998138
malaysia,malaysia_088,5,118.5,39.6666666666667,12.45264681555,41.3333333333333,39.6666666666667,11.3475529100529,807,838,28.0358472998138
malaysia,malaysia_089,5.2342271,119.2690567,39.5,12.4216171617162,40.8333333333333,39.5,11.3558201058201,809,827.333333333333,27.9572887650882
malaysia,malaysia_090,5.5,100.5,39.3333333333333,12.4057613168724,40.6666666666667,39.3333333333333,11.3872354497354,811,833.333333333333,27.9907149489322
malaysia,malaysia_091,5.5,101,39.3333333333333,12.3809523809524,40.6666666666667,39.3333333333333,11.4037698412698,813,833.333333333333,27.6190476190476
malaysia,malaysia_092,5.5,101.5,39.3333333333333,12.3962186600904,40.6666666666667,39.3333333333333,11.4186507936508,812,833.333333333333,27.6190476190476
malaysia,malaysia_093,5.5,102,39.3333333333333,12.381157635468,40.6666666666667,39.3333333333333,11.4169973544974,813,833.5,27.9263888888889
malaysia,malaysia_094,5.5,102.5,39.3333333333333,12.3813628899836,40.6666666666667,39.3333333333333,11.4351851851852,813,838,27.7725598526703
malaysia,malaysia_095,5.5,103,39.3333333333333,12.3806888068881,40.6666666666667,39.3333333333333,11.453373015873,814,826.666666666667,27.8052486187845
malaysia,malaysia_096,5.5,115.5,39.3333333333333,12.406674907293,40.6666666666667,39.3333333333333,11.4021164021164,810,826,27.8805555555556
malaysia,malaysia_097,5.5,116,39.3333333333333,12.4068809229501,40.6666666666667,39.3333333333333,11.3839285714286,810,833.5,28.0367783985102
malaysia,malaysia_098,5.5,116.5,39.3333333333333,12.4205761316872,40.6666666666667,39.3333333333333,11.3872354497354,811,833.5,27.7918968692449
malaysia,malaysia_099,5.5,117,39.3333333333333,12.4357231149567,40.6666666666667,39.3333333333333,11.3673941798942,810,833.333333333333,28.1806722689076
malaysia,malaysia_100,5.5,117.5,39.3333333333333,12.450701320132,40.6666666666667,39.3333333333333,11.3640873015873,809,833.333333333333,28.0227483751161
malaysia,malaysia_101,5.5,118,39.3333333333333,12.3851851851852,40.6666666666667,39.3333333333333,11.3839285714286,811,833.333333333333,27.7894736842105
malaysia,malaysia_102,5.5,118.5,39.3333333333333,12.3907407407407,40.6666666666667,39.3333333333333,11.4037698412698,811,833.333333333333,28.0349162011173
malaysia,malaysia_103,6,100.5,39.6666666666667,12.3296523517382,41.3333333333333,39.6666666666667,11.4897486772487,816,825.5,27.8356417359187
malaysia,malaysia_104,6,101,39.6666666666667,12.360188601886,41.3333333333333,39.6666666666667,11.4632936507937,814,821.666666666667,27.606684981685
malaysia,malaysia_105,6,102,39.6666666666667,12.3501022494888,41.3333333333333,39.6666666666667,11.4666005291005,816,822.166666666667,27.804788213628
malaysia,malaysia_106,6,116.5,39.6666666666667,12.3743337433374,41.3333333333333,39.6666666666667,11.4467592592593,814,837.833333333333,27.5625570776256
malaysia,malaysia_107,6,117,39.6666666666667,12.3741287412874,41.3333333333333,39.6666666666667,11.4451058201058,814,825.666666666667,27.9449074074074
malaysia,malaysia_108,6,117.5,39.6666666666667,12.3739237392374,41.3333333333333,39.6666666666667,11.4434523809524,814,821.5,27.8670360110803
malaysia,malaysia_109,6,118,39.6666666666667,12.3587223587224,41.3333333333333,39.6666666666667,11.4252645502646,815,834,27.7134986225895
malaysia,malaysia_110,6.4351352,99.640726,26.8333333333333,12.3147467320261,28.5,26.8333333333333,11.4922288359788,818,825.5,27.8361034164358
malaysia,malaysia_111,6.5,100.5,26.8333333333333,12.2846373268134,28.5,26.8333333333333,11.5137235449735,820,821.5,27.7592081031308
malaysia,malaysia_112,6.5,116.5,26.8333333333333,12.3135454916361,28.3333333333333,26.8333333333333,11.5112433862434,818,825.5,27.4867941712204
malaysia,malaysia_113,6.5,117,26.8333333333333,12.3135454916361,28.3333333333333,26.8333333333333,11.5095899470899,818,825.333333333333,27.7905156537753
malaysia,malaysia_114,6.5,117.5,26.8333333333333,12.3131374949,28.3333333333333,26.8333333333333,11.4980158730159,818,825.5,27.8665743305632
malaysia,malaysia_115,7.3628175,117.2346232,15.8333333333333,12.1642482869811,17.6666666666667,15.8333333333333,11.6468253968254,828,825.166666666667,27.4109900090827
fujian,Fuzhou,26.08,119.3,4.83333333333333,4.51876775833707,6.5,4.83333333333333,34.3725198412698,2231,814.666666666667,10.2257191201354
fujian,Xiamen,24.48,118.09,13.6666666666667,6.3629559350622,17.1666666666667,13.6666666666667,26.1698082010582,1583,819.166666666667,14.4745803357314
malaysia,KualaLumpur,3.14,101.69,16.5,13.2880386983289,18.1666666666667,16.5,11.2615740740741,759,815.666666666667,30.4300100704935
malaysia,Kuching,1.55,110.35,21.8333333333333,17.7003514938489,23.5,21.8333333333333,8.95089285714286,570,820.666666666667,39.6515748031496
malaysia,KotaKinabalu,5.98,116.07,39.6666666666667,12.3593366093366,41.3333333333333,39.6666666666667,11.453373015873,815,825.833333333333,27.8684210526316
