design,dt_s,point,nav_available_pct,comm_available_pct,nav_max_outage_min,comm_max_outage_min,nav_four_visible_pct,assumed_link_available_pct
inherited,20,malaysia_001,15.4431216931217,52.1147486772487,37.6666666666667,7.33333333333333,79.770171957672,52.1147486772487
inherited,20,Fuzhou,64.6362433862434,100,3.66666666666667,0,100,100
inherited,20,Xiamen,69.8082010582011,100,3,0,100,100
inherited,20,KualaLumpur,37.0188492063492,67.3792989417989,9.66666666666667,6.66666666666667,85.2612433862434,67.3792989417989
inherited,20,Kuching,19.5171957671958,56.7542989417989,28,6.66666666666667,79.4064153439153,56.7542989417989
inherited,20,KotaKinabalu,61.7989417989418,81.9361772486773,5.33333333333333,2.66666666666667,98.1349206349206,81.9361772486773
inherited,10,malaysia_001,15.395171957672,52.1436838624339,37.6666666666667,7.16666666666667,79.7197420634921,52.1436838624339
inherited,10,Fuzhou,64.6412037037037,100,3.5,0,100,100
inherited,10,Xiamen,69.8015873015873,100,3,0,100,100
inherited,10,KualaLumpur,36.8295304232804,67.3817791005291,8.16666666666667,6.66666666666667,85.1984126984127,67.3817791005291
inherited,10,Kuching,19.5221560846561,56.801421957672,17.1666666666667,6.66666666666667,79.4237764550265,56.801421957672
inherited,10,KotaKinabalu,62.1478174603175,81.9469246031746,5.33333333333333,2.5,98.1498015873016,81.9469246031746
inherited,5,malaysia_001,15.4315476190476,52.1482308201058,36.1666666666667,7.16666666666667,79.724289021164,52.1482308201058
inherited,5,Fuzhou,64.681712962963,100,3.41666666666667,0,100,100
inherited,5,Xiamen,69.7271825396825,100,3.08333333333333,0,100,100
inherited,5,KualaLumpur,36.8349041005291,67.3755787037037,8.08333333333333,6.66666666666667,85.218253968254,67.3755787037037
inherited,5,Kuching,19.4725529100529,56.7869543650794,17.1666666666667,6.66666666666667,79.4341104497355,56.7869543650794
inherited,5,KotaKinabalu,62.1420304232804,81.958912037037,5.41666666666667,2.5,98.1464947089947,81.958912037037
navigation,20,malaysia_001,80.9341931216931,83.2738095238095,2.33333333333333,3.66666666666667,92.0171957671958,83.2738095238095
navigation,20,malaysia_048,73.7516534391534,86.3756613756614,2.33333333333333,4.33333333333333,94.1154100529101,86.3756613756614
navigation,20,Fuzhou,89.5138888888889,96.8716931216931,2,1.33333333333333,91.332671957672,96.8716931216931
navigation,20,Xiamen,91.3888888888889,99.2030423280423,2,0.666666666666667,94.0244708994709,99.2030423280423
navigation,20,KualaLumpur,74.0426587301587,86.0846560846561,2.66666666666667,4,93.6937830687831,86.0846560846561
navigation,20,Kuching,79.4659391534392,84.1170634920635,2.33333333333333,3.66666666666667,92.7513227513227,84.1170634920635
navigation,20,KotaKinabalu,81.7146164021164,87.0750661375661,1.66666666666667,4,97.5396825396825,87.0750661375661
navigation,10,malaysia_001,80.9416335978836,83.3052248677249,2.33333333333333,3.5,92.0436507936508,83.3052248677249
navigation,10,malaysia_048,73.7111441798942,86.3458994708995,2.16666666666667,4.16666666666667,94.083167989418,86.3458994708995
navigation,10,Fuzhou,89.5171957671958,96.8683862433862,1.83333333333333,1.33333333333333,91.3359788359788,96.8683862433862
navigation,10,Xiamen,91.3822751322751,99.198082010582,1.83333333333333,0.833333333333333,94.0112433862434,99.198082010582
navigation,10,KualaLumpur,74.0732473544974,86.0763888888889,2.5,4,93.7218915343915,86.0763888888889
navigation,10,Kuching,79.4386574074074,84.1617063492064,2.33333333333333,3.66666666666667,92.7066798941799,84.1617063492064
navigation,10,KotaKinabalu,81.7352843915344,87.0775462962963,1.5,3.83333333333333,97.5644841269841,87.0775462962963
navigation,5,malaysia_001,80.9850363756614,83.3085317460317,2.25,3.5,92.1006944444444,83.3085317460317
navigation,5,malaysia_048,73.8033234126984,86.3516865079365,2,4.16666666666667,94.140625,86.3516865079365
navigation,5,Fuzhou,89.5651455026455,96.8568121693122,1.75,1.25,91.3979828042328,96.8568121693122
navigation,5,Xiamen,91.3673941798942,99.2063492063492,1.83333333333333,0.75,93.994708994709,99.2063492063492
navigation,5,KualaLumpur,74.0604332010582,86.0722552910053,2.41666666666667,4,93.6813822751323,86.0722552910053
navigation,5,Kuching,79.4522982804233,84.1724537037037,2.33333333333333,3.66666666666667,92.7579365079365,84.1724537037037
navigation,5,KotaKinabalu,81.6968419312169,87.0448908730159,1.41666666666667,3.75,97.5529100529101,87.0448908730159
communication,20,malaysia_001,80.9341931216931,83.2738095238095,2.33333333333333,3.66666666666667,92.0171957671958,83.2738095238095
communication,20,malaysia_048,73.7516534391534,86.3756613756614,2.33333333333333,4.33333333333333,94.1154100529101,86.3756613756614
communication,20,Fuzhou,89.5138888888889,96.8716931216931,2,1.33333333333333,91.332671957672,96.8716931216931
communication,20,Xiamen,91.3888888888889,99.2030423280423,2,0.666666666666667,94.0244708994709,99.2030423280423
communication,20,KualaLumpur,74.0426587301587,86.0846560846561,2.66666666666667,4,93.6937830687831,86.0846560846561
communication,20,Kuching,79.4659391534392,84.1170634920635,2.33333333333333,3.66666666666667,92.7513227513227,84.1170634920635
communication,20,KotaKinabalu,81.7146164021164,87.0750661375661,1.66666666666667,4,97.5396825396825,87.0750661375661
communication,10,malaysia_001,80.9416335978836,83.3052248677249,2.33333333333333,3.5,92.0436507936508,83.3052248677249
communication,10,malaysia_048,73.7111441798942,86.3458994708995,2.16666666666667,4.16666666666667,94.083167989418,86.3458994708995
communication,10,Fuzhou,89.5171957671958,96.8683862433862,1.83333333333333,1.33333333333333,91.3359788359788,96.8683862433862
communication,10,Xiamen,91.3822751322751,99.198082010582,1.83333333333333,0.833333333333333,94.0112433862434,99.198082010582
communication,10,KualaLumpur,74.0732473544974,86.0763888888889,2.5,4,93.7218915343915,86.0763888888889
communication,10,Kuching,79.4386574074074,84.1617063492064,2.33333333333333,3.66666666666667,92.7066798941799,84.1617063492064
communication,10,KotaKinabalu,81.7352843915344,87.0775462962963,1.5,3.83333333333333,97.5644841269841,87.0775462962963
communication,5,malaysia_001,80.9850363756614,83.3085317460317,2.25,3.5,92.1006944444444,83.3085317460317
communication,5,malaysia_048,73.8033234126984,86.3516865079365,2,4.16666666666667,94.140625,86.3516865079365
communication,5,Fuzhou,89.5651455026455,96.8568121693122,1.75,1.25,91.3979828042328,96.8568121693122
communication,5,Xiamen,91.3673941798942,99.2063492063492,1.83333333333333,0.75,93.994708994709,99.2063492063492
communication,5,KualaLumpur,74.0604332010582,86.0722552910053,2.41666666666667,4,93.6813822751323,86.0722552910053
communication,5,Kuching,79.4522982804233,84.1724537037037,2.33333333333333,3.66666666666667,92.7579365079365,84.1724537037037
communication,5,KotaKinabalu,81.6968419312169,87.0448908730159,1.41666666666667,3.75,97.5529100529101,87.0448908730159
