start_utc,end_utc,duration_s,gap_from_previous_min,start_interval_min,left_censored,right_censored
2026-09-18T00:01:25.000Z,2026-09-18T00:02:15.000Z,50,NaN,NaN,0,0
2026-09-18T00:05:35.000Z,2026-09-18T00:07:15.000Z,100,3.33333333333333,4.16666666666667,0,0
2026-09-18T00:10:05.000Z,2026-09-18T00:10:45.000Z,40,2.83333333333333,4.5,0,0
2026-09-18T00:14:05.000Z,2026-09-18T00:15:55.000Z,110,3.33333333333333,4,0,0
2026-09-18T00:18:45.000Z,2026-09-18T00:19:05.000Z,20,2.83333333333333,4.66666666666667,0,0
2026-09-18T00:22:35.000Z,2026-09-18T00:24:25.000Z,110,3.5,3.83333333333333,0,0
2026-09-18T00:31:15.000Z,2026-09-18T00:32:55.000Z,100,6.83333333333333,8.66666666666667,0,0
2026-09-18T00:39:45.000Z,2026-09-18T00:41:35.000Z,110,6.83333333333333,8.5,0,0
2026-09-18T00:48:25.000Z,2026-09-18T00:49:55.000Z,90,6.83333333333333,8.66666666666667,0,0
2026-09-18T00:56:45.000Z,2026-09-18T00:58:25.000Z,100,6.83333333333333,8.33333333333333,0,0
2026-09-18T01:05:05.000Z,2026-09-18T01:06:45.000Z,100,6.66666666666667,8.33333333333333,0,0
2026-09-18T01:13:35.000Z,2026-09-18T01:15:15.000Z,100,6.83333333333333,8.5,0,0
2026-09-18T01:22:05.000Z,2026-09-18T01:23:45.000Z,100,6.83333333333333,8.5,0,0
2026-09-18T01:30:35.000Z,2026-09-18T01:32:25.000Z,110,6.83333333333333,8.5,0,0
2026-09-18T01:39:05.000Z,2026-09-18T01:40:55.000Z,110,6.66666666666667,8.5,0,0
2026-09-18T01:44:25.000Z,2026-09-18T01:44:55.000Z,30,3.5,5.33333333333333,0,0
2026-09-18T01:47:45.000Z,2026-09-18T01:49:25.000Z,100,2.83333333333333,3.33333333333333,0,0
2026-09-18T01:52:45.000Z,2026-09-18T01:53:35.000Z,50,3.33333333333333,5,0,0
2026-09-18T01:56:15.000Z,2026-09-18T01:57:55.000Z,100,2.66666666666667,3.5,0,0
2026-09-18T02:01:15.000Z,2026-09-18T02:02:15.000Z,60,3.33333333333333,5,0,0
2026-09-18T02:04:55.000Z,2026-09-18T02:06:25.000Z,90,2.66666666666667,3.66666666666667,0,0
2026-09-18T02:09:45.000Z,2026-09-18T02:10:55.000Z,70,3.33333333333333,4.83333333333333,0,0
2026-09-18T02:13:35.000Z,2026-09-18T02:14:55.000Z,80,2.66666666666667,3.83333333333333,0,0
2026-09-18T02:18:15.000Z,2026-09-18T02:19:35.000Z,80,3.33333333333333,4.66666666666667,0,0
2026-09-18T02:22:05.000Z,2026-09-18T02:23:25.000Z,80,2.5,3.83333333333333,0,0
2026-09-18T02:26:35.000Z,2026-09-18T02:28:15.000Z,100,3.16666666666667,4.5,0,0
2026-09-18T02:30:45.000Z,2026-09-18T02:31:55.000Z,70,2.5,4.16666666666667,0,0
2026-09-18T02:35:05.000Z,2026-09-18T02:36:45.000Z,100,3.16666666666667,4.33333333333333,0,0
2026-09-18T02:39:25.000Z,2026-09-18T02:40:25.000Z,60,2.66666666666667,4.33333333333333,0,0
2026-09-18T02:43:45.000Z,2026-09-18T02:45:25.000Z,100,3.33333333333333,4.33333333333333,0,0
2026-09-18T02:48:05.000Z,2026-09-18T02:48:45.000Z,40,2.66666666666667,4.33333333333333,0,0
2026-09-18T02:52:15.000Z,2026-09-18T02:53:55.000Z,100,3.5,4.16666666666667,0,0
2026-09-18T02:56:55.000Z,2026-09-18T02:57:05.000Z,10,3,4.66666666666667,0,0
2026-09-18T03:00:45.000Z,2026-09-18T03:02:35.000Z,110,3.66666666666667,3.83333333333333,0,0
2026-09-18T03:09:15.000Z,2026-09-18T03:11:05.000Z,110,6.66666666666667,8.5,0,0
2026-09-18T03:17:55.000Z,2026-09-18T03:19:35.000Z,100,6.83333333333333,8.66666666666667,0,0
2026-09-18T03:26:25.000Z,2026-09-18T03:28:05.000Z,100,6.83333333333333,8.5,0,0
2026-09-18T03:34:45.000Z,2026-09-18T03:36:25.000Z,100,6.66666666666667,8.33333333333333,0,0
2026-09-18T03:43:05.000Z,2026-09-18T03:44:45.000Z,100,6.66666666666667,8.33333333333333,0,0
2026-09-18T03:51:35.000Z,2026-09-18T03:53:15.000Z,100,6.83333333333333,8.5,0,0
2026-09-18T04:00:05.000Z,2026-09-18T04:01:55.000Z,110,6.83333333333333,8.5,0,0
2026-09-18T04:08:35.000Z,2026-09-18T04:10:25.000Z,110,6.66666666666667,8.5,0,0
2026-09-18T04:14:05.000Z,2026-09-18T04:14:15.000Z,10,3.66666666666667,5.5,0,0
2026-09-18T04:17:15.000Z,2026-09-18T04:18:55.000Z,100,3,3.16666666666667,0,0
2026-09-18T04:22:25.000Z,2026-09-18T04:23:05.000Z,40,3.5,5.16666666666667,0,0
2026-09-18T04:25:45.000Z,2026-09-18T04:27:35.000Z,110,2.66666666666667,3.33333333333333,0,0
2026-09-18T04:30:55.000Z,2026-09-18T04:31:45.000Z,50,3.33333333333333,5.16666666666667,0,0
2026-09-18T04:34:25.000Z,2026-09-18T04:36:05.000Z,100,2.66666666666667,3.5,0,0
2026-09-18T04:39:15.000Z,2026-09-18T04:40:25.000Z,70,3.16666666666667,4.83333333333333,0,0
2026-09-18T04:42:55.000Z,2026-09-18T04:44:35.000Z,100,2.5,3.66666666666667,0,0
2026-09-18T04:47:45.000Z,2026-09-18T04:49:05.000Z,80,3.16666666666667,4.83333333333333,0,0
2026-09-18T04:51:35.000Z,2026-09-18T04:53:05.000Z,90,2.5,3.83333333333333,0,0
2026-09-18T04:56:15.000Z,2026-09-18T04:57:45.000Z,90,3.16666666666667,4.66666666666667,0,0
2026-09-18T05:00:15.000Z,2026-09-18T05:01:25.000Z,70,2.5,4,0,0
2026-09-18T05:04:45.000Z,2026-09-18T05:06:15.000Z,90,3.33333333333333,4.5,0,0
2026-09-18T05:08:55.000Z,2026-09-18T05:09:55.000Z,60,2.66666666666667,4.16666666666667,0,0
2026-09-18T05:13:15.000Z,2026-09-18T05:14:55.000Z,100,3.33333333333333,4.33333333333333,0,0
2026-09-18T05:17:35.000Z,2026-09-18T05:18:25.000Z,50,2.66666666666667,4.33333333333333,0,0
2026-09-18T05:21:45.000Z,2026-09-18T05:23:35.000Z,110,3.33333333333333,4.16666666666667,0,0
2026-09-18T05:26:15.000Z,2026-09-18T05:26:45.000Z,30,2.66666666666667,4.5,0,0
2026-09-18T05:30:15.000Z,2026-09-18T05:32:05.000Z,110,3.5,4,0,0
2026-09-18T05:38:45.000Z,2026-09-18T05:40:35.000Z,110,6.66666666666667,8.5,0,0
2026-09-18T05:47:25.000Z,2026-09-18T05:49:05.000Z,100,6.83333333333333,8.66666666666667,0,0
2026-09-18T05:55:55.000Z,2026-09-18T05:57:35.000Z,100,6.83333333333333,8.5,0,0
2026-09-18T06:04:25.000Z,2026-09-18T06:06:05.000Z,100,6.83333333333333,8.5,0,0
2026-09-18T06:12:45.000Z,2026-09-18T06:14:35.000Z,110,6.66666666666667,8.33333333333333,0,0
2026-09-18T06:21:15.000Z,2026-09-18T06:22:45.000Z,90,6.66666666666667,8.5,0,0
2026-09-18T06:29:45.000Z,2026-09-18T06:31:25.000Z,100,7,8.5,0,0
2026-09-18T06:38:15.000Z,2026-09-18T06:39:55.000Z,100,6.83333333333333,8.5,0,0
2026-09-18T06:46:45.000Z,2026-09-18T06:48:35.000Z,110,6.83333333333333,8.5,0,0
2026-09-18T06:52:05.000Z,2026-09-18T06:52:25.000Z,20,3.5,5.33333333333333,0,0
2026-09-18T06:55:15.000Z,2026-09-18T06:57:05.000Z,110,2.83333333333333,3.16666666666667,0,0
2026-09-18T07:00:25.000Z,2026-09-18T07:01:05.000Z,40,3.33333333333333,5.16666666666667,0,0
2026-09-18T07:03:55.000Z,2026-09-18T07:05:35.000Z,100,2.83333333333333,3.5,0,0
2026-09-18T07:08:55.000Z,2026-09-18T07:09:45.000Z,50,3.33333333333333,5,0,0
2026-09-18T07:12:25.000Z,2026-09-18T07:14:05.000Z,100,2.66666666666667,3.5,0,0
2026-09-18T07:17:25.000Z,2026-09-18T07:18:25.000Z,60,3.33333333333333,5,0,0
2026-09-18T07:21:05.000Z,2026-09-18T07:22:35.000Z,90,2.66666666666667,3.66666666666667,0,0
2026-09-18T07:25:55.000Z,2026-09-18T07:27:05.000Z,70,3.33333333333333,4.83333333333333,0,0
2026-09-18T07:29:45.000Z,2026-09-18T07:31:05.000Z,80,2.66666666666667,3.83333333333333,0,0
2026-09-18T07:34:15.000Z,2026-09-18T07:35:45.000Z,90,3.16666666666667,4.5,0,0
2026-09-18T07:38:25.000Z,2026-09-18T07:39:35.000Z,70,2.66666666666667,4.16666666666667,0,0
2026-09-18T07:42:45.000Z,2026-09-18T07:44:25.000Z,100,3.16666666666667,4.33333333333333,0,0
2026-09-18T07:46:55.000Z,2026-09-18T07:48:05.000Z,70,2.5,4.16666666666667,0,0
2026-09-18T07:51:15.000Z,2026-09-18T07:53:05.000Z,110,3.16666666666667,4.33333333333333,0,0
2026-09-18T07:55:45.000Z,2026-09-18T07:56:25.000Z,40,2.66666666666667,4.5,0,0
2026-09-18T07:59:55.000Z,2026-09-18T08:01:35.000Z,100,3.5,4.16666666666667,0,0
2026-09-18T08:04:25.000Z,2026-09-18T08:04:55.000Z,30,2.83333333333333,4.5,0,0
2026-09-18T08:08:25.000Z,2026-09-18T08:10:05.000Z,100,3.5,4,0,0
2026-09-18T08:16:55.000Z,2026-09-18T08:18:45.000Z,110,6.83333333333333,8.5,0,0
2026-09-18T08:25:25.000Z,2026-09-18T08:27:15.000Z,110,6.66666666666667,8.5,0,0
2026-09-18T08:34:05.000Z,2026-09-18T08:35:45.000Z,100,6.83333333333333,8.66666666666667,0,0
2026-09-18T08:42:25.000Z,2026-09-18T08:44:15.000Z,110,6.66666666666667,8.33333333333333,0,0
2026-09-18T08:50:55.000Z,2026-09-18T08:52:35.000Z,100,6.66666666666667,8.5,0,0
2026-09-18T08:59:15.000Z,2026-09-18T09:00:55.000Z,100,6.66666666666667,8.33333333333333,0,0
2026-09-18T09:07:45.000Z,2026-09-18T09:09:25.000Z,100,6.83333333333333,8.5,0,0
2026-09-18T09:16:15.000Z,2026-09-18T09:18:05.000Z,110,6.83333333333333,8.5,0,0
2026-09-18T22:43:45.000Z,2026-09-18T22:45:35.000Z,110,805.666666666667,807.5,0,0
2026-09-18T22:48:55.000Z,2026-09-18T22:49:45.000Z,50,3.33333333333333,5.16666666666667,0,0
2026-09-18T22:52:25.000Z,2026-09-18T22:54:05.000Z,100,2.66666666666667,3.5,0,0
2026-09-18T22:57:15.000Z,2026-09-18T22:58:25.000Z,70,3.16666666666667,4.83333333333333,0,0
2026-09-18T23:01:05.000Z,2026-09-18T23:02:35.000Z,90,2.66666666666667,3.83333333333333,0,0
2026-09-18T23:05:45.000Z,2026-09-18T23:07:05.000Z,80,3.16666666666667,4.66666666666667,0,0
2026-09-18T23:09:35.000Z,2026-09-18T23:11:05.000Z,90,2.5,3.83333333333333,0,0
2026-09-18T23:14:15.000Z,2026-09-18T23:15:45.000Z,90,3.16666666666667,4.66666666666667,0,0
2026-09-18T23:18:15.000Z,2026-09-18T23:19:35.000Z,80,2.5,4,0,0
2026-09-18T23:22:45.000Z,2026-09-18T23:24:25.000Z,100,3.16666666666667,4.5,0,0
2026-09-18T23:26:55.000Z,2026-09-18T23:27:55.000Z,60,2.5,4.16666666666667,0,0
2026-09-18T23:31:15.000Z,2026-09-18T23:32:55.000Z,100,3.33333333333333,4.33333333333333,0,0
2026-09-18T23:35:35.000Z,2026-09-18T23:36:25.000Z,50,2.66666666666667,4.33333333333333,0,0
2026-09-18T23:39:45.000Z,2026-09-18T23:41:35.000Z,110,3.33333333333333,4.16666666666667,0,0
2026-09-18T23:44:25.000Z,2026-09-18T23:44:55.000Z,30,2.83333333333333,4.66666666666667,0,0
2026-09-18T23:48:15.000Z,2026-09-18T23:50:05.000Z,110,3.33333333333333,3.83333333333333,0,0
2026-09-18T23:56:55.000Z,2026-09-18T23:58:45.000Z,110,6.83333333333333,8.66666666666667,0,0
2026-09-19T00:05:25.000Z,2026-09-19T00:07:15.000Z,110,6.66666666666667,8.5,0,0
2026-09-19T00:14:05.000Z,2026-09-19T00:15:45.000Z,100,6.83333333333333,8.66666666666667,0,0
2026-09-19T00:22:25.000Z,2026-09-19T00:24:05.000Z,100,6.66666666666667,8.33333333333333,0,0
2026-09-19T00:30:45.000Z,2026-09-19T00:32:35.000Z,110,6.66666666666667,8.33333333333333,0,0
2026-09-19T00:39:15.000Z,2026-09-19T00:40:45.000Z,90,6.66666666666667,8.5,0,0
2026-09-19T00:47:45.000Z,2026-09-19T00:49:25.000Z,100,7,8.5,0,0
2026-09-19T00:56:15.000Z,2026-09-19T00:58:05.000Z,110,6.83333333333333,8.5,0,0
2026-09-19T01:04:45.000Z,2026-09-19T01:06:35.000Z,110,6.66666666666667,8.5,0,0
2026-09-19T01:10:05.000Z,2026-09-19T01:10:25.000Z,20,3.5,5.33333333333333,0,0
2026-09-19T01:13:15.000Z,2026-09-19T01:15:05.000Z,110,2.83333333333333,3.16666666666667,0,0
2026-09-19T01:18:35.000Z,2026-09-19T01:19:15.000Z,40,3.5,5.33333333333333,0,0
2026-09-19T01:21:55.000Z,2026-09-19T01:23:35.000Z,100,2.66666666666667,3.33333333333333,0,0
2026-09-19T01:26:55.000Z,2026-09-19T01:27:55.000Z,60,3.33333333333333,5,0,0
2026-09-19T01:30:25.000Z,2026-09-19T01:32:05.000Z,100,2.5,3.5,0,0
2026-09-19T01:35:25.000Z,2026-09-19T01:36:35.000Z,70,3.33333333333333,5,0,0
2026-09-19T01:39:05.000Z,2026-09-19T01:40:35.000Z,90,2.5,3.66666666666667,0,0
2026-09-19T01:43:55.000Z,2026-09-19T01:45:15.000Z,80,3.33333333333333,4.83333333333333,0,0
2026-09-19T01:47:45.000Z,2026-09-19T01:49:05.000Z,80,2.5,3.83333333333333,0,0
2026-09-19T01:52:25.000Z,2026-09-19T01:53:45.000Z,80,3.33333333333333,4.66666666666667,0,0
2026-09-19T01:56:25.000Z,2026-09-19T01:57:35.000Z,70,2.66666666666667,4,0,0
2026-09-19T02:00:55.000Z,2026-09-19T02:02:25.000Z,90,3.33333333333333,4.5,0,0
2026-09-19T02:05:05.000Z,2026-09-19T02:06:05.000Z,60,2.66666666666667,4.16666666666667,0,0
2026-09-19T02:09:25.000Z,2026-09-19T02:11:05.000Z,100,3.33333333333333,4.33333333333333,0,0
2026-09-19T02:13:45.000Z,2026-09-19T02:14:35.000Z,50,2.66666666666667,4.33333333333333,0,0
2026-09-19T02:17:55.000Z,2026-09-19T02:19:35.000Z,100,3.33333333333333,4.16666666666667,0,0
2026-09-19T02:22:25.000Z,2026-09-19T02:22:55.000Z,30,2.83333333333333,4.5,0,0
2026-09-19T02:26:25.000Z,2026-09-19T02:28:15.000Z,110,3.5,4,0,0
2026-09-19T02:34:55.000Z,2026-09-19T02:36:45.000Z,110,6.66666666666667,8.5,0,0
2026-09-19T02:43:35.000Z,2026-09-19T02:45:15.000Z,100,6.83333333333333,8.66666666666667,0,0
2026-09-19T02:52:05.000Z,2026-09-19T02:53:45.000Z,100,6.83333333333333,8.5,0,0
2026-09-19T03:00:35.000Z,2026-09-19T03:02:15.000Z,100,6.83333333333333,8.5,0,0
2026-09-19T03:08:55.000Z,2026-09-19T03:10:35.000Z,100,6.66666666666667,8.33333333333333,0,0
2026-09-19T03:17:15.000Z,2026-09-19T03:18:55.000Z,100,6.66666666666667,8.33333333333333,0,0
2026-09-19T03:25:45.000Z,2026-09-19T03:27:35.000Z,110,6.83333333333333,8.5,0,0
2026-09-19T03:34:15.000Z,2026-09-19T03:36:05.000Z,110,6.66666666666667,8.5,0,0
2026-09-19T03:42:55.000Z,2026-09-19T03:44:35.000Z,100,6.83333333333333,8.66666666666667,0,0
2026-09-19T03:48:15.000Z,2026-09-19T03:48:35.000Z,20,3.66666666666667,5.33333333333333,0,0
2026-09-19T03:51:25.000Z,2026-09-19T03:53:15.000Z,110,2.83333333333333,3.16666666666667,0,0
2026-09-19T03:56:35.000Z,2026-09-19T03:57:15.000Z,40,3.33333333333333,5.16666666666667,0,0
2026-09-19T03:59:55.000Z,2026-09-19T04:01:45.000Z,110,2.66666666666667,3.33333333333333,0,0
2026-09-19T04:05:05.000Z,2026-09-19T04:05:55.000Z,50,3.33333333333333,5.16666666666667,0,0
2026-09-19T04:08:35.000Z,2026-09-19T04:10:15.000Z,100,2.66666666666667,3.5,0,0
2026-09-19T04:13:25.000Z,2026-09-19T04:14:35.000Z,70,3.16666666666667,4.83333333333333,0,0
2026-09-19T04:17:15.000Z,2026-09-19T04:18:45.000Z,90,2.66666666666667,3.83333333333333,0,0
2026-09-19T04:21:55.000Z,2026-09-19T04:23:15.000Z,80,3.16666666666667,4.66666666666667,0,0
2026-09-19T04:25:55.000Z,2026-09-19T04:27:15.000Z,80,2.66666666666667,4,0,0
2026-09-19T04:30:25.000Z,2026-09-19T04:31:55.000Z,90,3.16666666666667,4.5,0,0
2026-09-19T04:34:25.000Z,2026-09-19T04:35:35.000Z,70,2.5,4,0,0
2026-09-19T04:38:55.000Z,2026-09-19T04:40:35.000Z,100,3.33333333333333,4.5,0,0
2026-09-19T04:43:05.000Z,2026-09-19T04:44:05.000Z,60,2.5,4.16666666666667,0,0
2026-09-19T04:47:25.000Z,2026-09-19T04:49:05.000Z,100,3.33333333333333,4.33333333333333,0,0
2026-09-19T04:51:55.000Z,2026-09-19T04:52:35.000Z,40,2.83333333333333,4.5,0,0
2026-09-19T04:55:55.000Z,2026-09-19T04:57:45.000Z,110,3.33333333333333,4,0,0
2026-09-19T05:00:35.000Z,2026-09-19T05:00:55.000Z,20,2.83333333333333,4.66666666666667,0,0
2026-09-19T05:04:25.000Z,2026-09-19T05:06:15.000Z,110,3.5,3.83333333333333,0,0
2026-09-19T05:13:05.000Z,2026-09-19T05:14:55.000Z,110,6.83333333333333,8.66666666666667,0,0
2026-09-19T05:21:35.000Z,2026-09-19T05:23:25.000Z,110,6.66666666666667,8.5,0,0
2026-09-19T05:30:15.000Z,2026-09-19T05:31:55.000Z,100,6.83333333333333,8.66666666666667,0,0
2026-09-19T05:38:35.000Z,2026-09-19T05:40:15.000Z,100,6.66666666666667,8.33333333333333,0,0
2026-09-19T05:46:55.000Z,2026-09-19T05:48:35.000Z,100,6.66666666666667,8.33333333333333,0,0
2026-09-19T05:55:25.000Z,2026-09-19T05:57:05.000Z,100,6.83333333333333,8.5,0,0
2026-09-19T06:03:55.000Z,2026-09-19T06:05:35.000Z,100,6.83333333333333,8.5,0,0
2026-09-19T06:12:25.000Z,2026-09-19T06:14:15.000Z,110,6.83333333333333,8.5,0,0
2026-09-19T06:20:55.000Z,2026-09-19T06:22:45.000Z,110,6.66666666666667,8.5,0,0
2026-09-19T06:26:15.000Z,2026-09-19T06:26:45.000Z,30,3.5,5.33333333333333,0,0
2026-09-19T06:29:25.000Z,2026-09-19T06:31:15.000Z,110,2.66666666666667,3.16666666666667,0,0
2026-09-19T06:34:35.000Z,2026-09-19T06:35:25.000Z,50,3.33333333333333,5.16666666666667,0,0
2026-09-19T06:38:05.000Z,2026-09-19T06:39:45.000Z,100,2.66666666666667,3.5,0,0
2026-09-19T06:43:05.000Z,2026-09-19T06:44:05.000Z,60,3.33333333333333,5,0,0
2026-09-19T06:46:45.000Z,2026-09-19T06:48:15.000Z,90,2.66666666666667,3.66666666666667,0,0
2026-09-19T06:51:35.000Z,2026-09-19T06:52:45.000Z,70,3.33333333333333,4.83333333333333,0,0
2026-09-19T06:55:15.000Z,2026-09-19T06:56:45.000Z,90,2.5,3.66666666666667,0,0
2026-09-19T07:00:05.000Z,2026-09-19T07:01:25.000Z,80,3.33333333333333,4.83333333333333,0,0
2026-09-19T07:03:55.000Z,2026-09-19T07:05:15.000Z,80,2.5,3.83333333333333,0,0
2026-09-19T07:08:35.000Z,2026-09-19T07:10:05.000Z,90,3.33333333333333,4.66666666666667,0,0
2026-09-19T07:12:35.000Z,2026-09-19T07:13:45.000Z,70,2.5,4,0,0
2026-09-19T07:17:05.000Z,2026-09-19T07:18:35.000Z,90,3.33333333333333,4.5,0,0
2026-09-19T07:21:15.000Z,2026-09-19T07:22:15.000Z,60,2.66666666666667,4.16666666666667,0,0
2026-09-19T07:25:35.000Z,2026-09-19T07:27:15.000Z,100,3.33333333333333,4.33333333333333,0,0
2026-09-19T07:29:55.000Z,2026-09-19T07:30:35.000Z,40,2.66666666666667,4.33333333333333,0,0
2026-09-19T07:34:05.000Z,2026-09-19T07:35:45.000Z,100,3.5,4.16666666666667,0,0
2026-09-19T07:38:45.000Z,2026-09-19T07:39:05.000Z,20,3,4.66666666666667,0,0
2026-09-19T07:42:35.000Z,2026-09-19T07:44:25.000Z,110,3.5,3.83333333333333,0,0
2026-09-19T07:51:05.000Z,2026-09-19T07:52:55.000Z,110,6.66666666666667,8.5,0,0
2026-09-19T07:59:45.000Z,2026-09-19T08:01:25.000Z,100,6.83333333333333,8.66666666666667,0,0
2026-09-19T08:08:15.000Z,2026-09-19T08:09:55.000Z,100,6.83333333333333,8.5,0,0
2026-09-19T08:16:35.000Z,2026-09-19T08:18:25.000Z,110,6.66666666666667,8.33333333333333,0,0
2026-09-19T08:24:55.000Z,2026-09-19T08:26:45.000Z,110,6.5,8.33333333333333,0,0
2026-09-19T08:33:25.000Z,2026-09-19T08:35:05.000Z,100,6.66666666666667,8.5,0,0
2026-09-19T08:41:55.000Z,2026-09-19T08:43:45.000Z,110,6.83333333333333,8.5,0,0
2026-09-19T08:50:25.000Z,2026-09-19T08:52:15.000Z,110,6.66666666666667,8.5,0,0
2026-09-19T08:59:05.000Z,2026-09-19T09:00:45.000Z,100,6.83333333333333,8.66666666666667,0,0
2026-09-19T09:04:15.000Z,2026-09-19T09:04:45.000Z,30,3.5,5.16666666666667,0,0
2026-09-19T09:07:35.000Z,2026-09-19T09:09:25.000Z,110,2.83333333333333,3.33333333333333,0,0
2026-09-19T09:12:45.000Z,2026-09-19T09:13:35.000Z,50,3.33333333333333,5.16666666666667,0,0
2026-09-19T09:16:15.000Z,2026-09-19T09:17:55.000Z,100,2.66666666666667,3.5,0,0
2026-09-19T22:43:55.000Z,2026-09-19T22:45:15.000Z,80,806,807.666666666667,0,0
2026-09-19T22:48:25.000Z,2026-09-19T22:49:55.000Z,90,3.16666666666667,4.5,0,0
2026-09-19T22:52:35.000Z,2026-09-19T22:53:45.000Z,70,2.66666666666667,4.16666666666667,0,0
2026-09-19T22:56:55.000Z,2026-09-19T22:58:35.000Z,100,3.16666666666667,4.33333333333333,0,0
2026-09-19T23:01:15.000Z,2026-09-19T23:02:05.000Z,50,2.66666666666667,4.33333333333333,0,0
2026-09-19T23:05:25.000Z,2026-09-19T23:07:15.000Z,110,3.33333333333333,4.16666666666667,0,0
2026-09-19T23:09:55.000Z,2026-09-19T23:10:35.000Z,40,2.66666666666667,4.5,0,0
2026-09-19T23:13:55.000Z,2026-09-19T23:15:45.000Z,110,3.33333333333333,4,0,0
2026-09-19T23:18:35.000Z,2026-09-19T23:18:55.000Z,20,2.83333333333333,4.66666666666667,0,0
2026-09-19T23:22:35.000Z,2026-09-19T23:24:25.000Z,110,3.66666666666667,4,0,0
2026-09-19T23:31:05.000Z,2026-09-19T23:32:55.000Z,110,6.66666666666667,8.5,0,0
2026-09-19T23:39:35.000Z,2026-09-19T23:41:25.000Z,110,6.66666666666667,8.5,0,0
2026-09-19T23:48:15.000Z,2026-09-19T23:49:55.000Z,100,6.83333333333333,8.66666666666667,0,0
2026-09-19T23:56:35.000Z,2026-09-19T23:58:15.000Z,100,6.66666666666667,8.33333333333333,0,0
2026-09-20T00:04:55.000Z,2026-09-20T00:06:35.000Z,100,6.66666666666667,8.33333333333333,0,0
2026-09-20T00:13:25.000Z,2026-09-20T00:15:05.000Z,100,6.83333333333333,8.5,0,0
2026-09-20T00:21:55.000Z,2026-09-20T00:23:35.000Z,100,6.83333333333333,8.5,0,0
2026-09-20T00:30:25.000Z,2026-09-20T00:32:15.000Z,110,6.83333333333333,8.5,0,0
2026-09-20T00:38:55.000Z,2026-09-20T00:40:45.000Z,110,6.66666666666667,8.5,0,0
2026-09-20T00:44:15.000Z,2026-09-20T00:44:45.000Z,30,3.5,5.33333333333333,0,0
2026-09-20T00:47:35.000Z,2026-09-20T00:49:15.000Z,100,2.83333333333333,3.33333333333333,0,0
2026-09-20T00:52:45.000Z,2026-09-20T00:53:25.000Z,40,3.5,5.16666666666667,0,0
2026-09-20T00:56:05.000Z,2026-09-20T00:57:45.000Z,100,2.66666666666667,3.33333333333333,0,0
2026-09-20T01:01:05.000Z,2026-09-20T01:02:05.000Z,60,3.33333333333333,5,0,0
2026-09-20T01:04:45.000Z,2026-09-20T01:06:15.000Z,90,2.66666666666667,3.66666666666667,0,0
2026-09-20T01:09:35.000Z,2026-09-20T01:10:45.000Z,70,3.33333333333333,4.83333333333333,0,0
2026-09-20T01:13:25.000Z,2026-09-20T01:14:45.000Z,80,2.66666666666667,3.83333333333333,0,0
2026-09-20T01:18:05.000Z,2026-09-20T01:19:25.000Z,80,3.33333333333333,4.66666666666667,0,0
2026-09-20T01:21:55.000Z,2026-09-20T01:23:15.000Z,80,2.5,3.83333333333333,0,0
2026-09-20T01:26:35.000Z,2026-09-20T01:28:05.000Z,90,3.33333333333333,4.66666666666667,0,0
2026-09-20T01:30:35.000Z,2026-09-20T01:31:45.000Z,70,2.5,4,0,0
2026-09-20T01:35:05.000Z,2026-09-20T01:36:45.000Z,100,3.33333333333333,4.5,0,0
2026-09-20T01:39:15.000Z,2026-09-20T01:40:15.000Z,60,2.5,4.16666666666667,0,0
2026-09-20T01:43:35.000Z,2026-09-20T01:45:15.000Z,100,3.33333333333333,4.33333333333333,0,0
2026-09-20T01:47:55.000Z,2026-09-20T01:48:45.000Z,50,2.66666666666667,4.33333333333333,0,0
2026-09-20T01:52:05.000Z,2026-09-20T01:53:55.000Z,110,3.33333333333333,4.16666666666667,0,0
2026-09-20T01:56:45.000Z,2026-09-20T01:57:05.000Z,20,2.83333333333333,4.66666666666667,0,0
2026-09-20T02:00:35.000Z,2026-09-20T02:02:25.000Z,110,3.5,3.83333333333333,0,0
2026-09-20T02:09:15.000Z,2026-09-20T02:10:55.000Z,100,6.83333333333333,8.66666666666667,0,0
2026-09-20T02:17:45.000Z,2026-09-20T02:19:25.000Z,100,6.83333333333333,8.5,0,0
2026-09-20T02:26:25.000Z,2026-09-20T02:27:55.000Z,90,7,8.66666666666667,0,0
2026-09-20T02:34:35.000Z,2026-09-20T02:36:25.000Z,110,6.66666666666667,8.16666666666667,0,0
2026-09-20T02:43:05.000Z,2026-09-20T02:44:45.000Z,100,6.66666666666667,8.5,0,0
2026-09-20T02:51:25.000Z,2026-09-20T02:53:05.000Z,100,6.66666666666667,8.33333333333333,0,0
2026-09-20T02:59:55.000Z,2026-09-20T03:01:45.000Z,110,6.83333333333333,8.5,0,0
2026-09-20T03:08:35.000Z,2026-09-20T03:10:15.000Z,100,6.83333333333333,8.66666666666667,0,0
2026-09-20T03:17:05.000Z,2026-09-20T03:18:55.000Z,110,6.83333333333333,8.5,0,0
2026-09-20T03:22:15.000Z,2026-09-20T03:22:55.000Z,40,3.33333333333333,5.16666666666667,0,0
2026-09-20T03:25:35.000Z,2026-09-20T03:27:25.000Z,110,2.66666666666667,3.33333333333333,0,0
2026-09-20T03:30:45.000Z,2026-09-20T03:31:35.000Z,50,3.33333333333333,5.16666666666667,0,0
2026-09-20T03:34:15.000Z,2026-09-20T03:35:55.000Z,100,2.66666666666667,3.5,0,0
2026-09-20T03:39:15.000Z,2026-09-20T03:40:15.000Z,60,3.33333333333333,5,0,0
2026-09-20T03:42:45.000Z,2026-09-20T03:44:25.000Z,100,2.5,3.5,0,0
2026-09-20T03:47:35.000Z,2026-09-20T03:48:55.000Z,80,3.16666666666667,4.83333333333333,0,0
2026-09-20T03:51:25.000Z,2026-09-20T03:52:55.000Z,90,2.5,3.83333333333333,0,0
2026-09-20T03:56:05.000Z,2026-09-20T03:57:35.000Z,90,3.16666666666667,4.66666666666667,0,0
2026-09-20T04:00:05.000Z,2026-09-20T04:01:25.000Z,80,2.5,4,0,0
2026-09-20T04:04:35.000Z,2026-09-20T04:06:05.000Z,90,3.16666666666667,4.5,0,0
2026-09-20T04:08:45.000Z,2026-09-20T04:09:55.000Z,70,2.66666666666667,4.16666666666667,0,0
2026-09-20T04:13:05.000Z,2026-09-20T04:14:45.000Z,100,3.16666666666667,4.33333333333333,0,0
2026-09-20T04:17:25.000Z,2026-09-20T04:18:15.000Z,50,2.66666666666667,4.33333333333333,0,0
2026-09-20T04:21:35.000Z,2026-09-20T04:23:25.000Z,110,3.33333333333333,4.16666666666667,0,0
2026-09-20T04:26:05.000Z,2026-09-20T04:26:45.000Z,40,2.66666666666667,4.5,0,0
2026-09-20T04:30:05.000Z,2026-09-20T04:31:55.000Z,110,3.33333333333333,4,0,0
2026-09-20T04:34:55.000Z,2026-09-20T04:35:05.000Z,10,3,4.83333333333333,0,0
2026-09-20T04:38:45.000Z,2026-09-20T04:40:35.000Z,110,3.66666666666667,3.83333333333333,0,0
2026-09-20T04:47:15.000Z,2026-09-20T04:49:05.000Z,110,6.66666666666667,8.5,0,0
2026-09-20T04:55:55.000Z,2026-09-20T04:57:35.000Z,100,6.83333333333333,8.66666666666667,0,0
2026-09-20T05:04:25.000Z,2026-09-20T05:06:05.000Z,100,6.83333333333333,8.5,0,0
2026-09-20T05:12:45.000Z,2026-09-20T05:14:25.000Z,100,6.66666666666667,8.33333333333333,0,0
2026-09-20T05:21:05.000Z,2026-09-20T05:22:45.000Z,100,6.66666666666667,8.33333333333333,0,0
2026-09-20T05:29:35.000Z,2026-09-20T05:31:15.000Z,100,6.83333333333333,8.5,0,0
2026-09-20T05:38:05.000Z,2026-09-20T05:39:45.000Z,100,6.83333333333333,8.5,0,0
2026-09-20T05:46:35.000Z,2026-09-20T05:48:25.000Z,110,6.83333333333333,8.5,0,0
2026-09-20T05:55:05.000Z,2026-09-20T05:56:55.000Z,110,6.66666666666667,8.5,0,0
2026-09-20T06:00:25.000Z,2026-09-20T06:00:55.000Z,30,3.5,5.33333333333333,0,0
2026-09-20T06:03:45.000Z,2026-09-20T06:05:25.000Z,100,2.83333333333333,3.33333333333333,0,0
2026-09-20T06:08:45.000Z,2026-09-20T06:09:35.000Z,50,3.33333333333333,5,0,0
2026-09-20T06:12:15.000Z,2026-09-20T06:13:55.000Z,100,2.66666666666667,3.5,0,0
2026-09-20T06:17:15.000Z,2026-09-20T06:18:25.000Z,70,3.33333333333333,5,0,0
2026-09-20T06:20:55.000Z,2026-09-20T06:22:25.000Z,90,2.5,3.66666666666667,0,0
2026-09-20T06:25:45.000Z,2026-09-20T06:26:55.000Z,70,3.33333333333333,4.83333333333333,0,0
2026-09-20T06:29:35.000Z,2026-09-20T06:30:55.000Z,80,2.66666666666667,3.83333333333333,0,0
2026-09-20T06:34:15.000Z,2026-09-20T06:35:35.000Z,80,3.33333333333333,4.66666666666667,0,0
2026-09-20T06:38:15.000Z,2026-09-20T06:39:25.000Z,70,2.66666666666667,4,0,0
2026-09-20T06:42:45.000Z,2026-09-20T06:44:15.000Z,90,3.33333333333333,4.5,0,0
2026-09-20T06:46:55.000Z,2026-09-20T06:47:55.000Z,60,2.66666666666667,4.16666666666667,0,0
2026-09-20T06:51:15.000Z,2026-09-20T06:52:55.000Z,100,3.33333333333333,4.33333333333333,0,0
2026-09-20T06:55:35.000Z,2026-09-20T06:56:25.000Z,50,2.66666666666667,4.33333333333333,0,0
2026-09-20T06:59:45.000Z,2026-09-20T07:01:25.000Z,100,3.33333333333333,4.16666666666667,0,0
2026-09-20T07:04:15.000Z,2026-09-20T07:04:45.000Z,30,2.83333333333333,4.5,0,0
2026-09-20T07:08:15.000Z,2026-09-20T07:10:05.000Z,110,3.5,4,0,0
2026-09-20T07:16:45.000Z,2026-09-20T07:18:35.000Z,110,6.66666666666667,8.5,0,0
2026-09-20T07:25:25.000Z,2026-09-20T07:27:05.000Z,100,6.83333333333333,8.66666666666667,0,0
2026-09-20T07:33:55.000Z,2026-09-20T07:35:35.000Z,100,6.83333333333333,8.5,0,0
2026-09-20T07:42:25.000Z,2026-09-20T07:44:05.000Z,100,6.83333333333333,8.5,0,0
2026-09-20T07:50:45.000Z,2026-09-20T07:52:25.000Z,100,6.66666666666667,8.33333333333333,0,0
2026-09-20T07:59:05.000Z,2026-09-20T08:00:45.000Z,100,6.66666666666667,8.33333333333333,0,0
2026-09-20T08:07:35.000Z,2026-09-20T08:09:25.000Z,110,6.83333333333333,8.5,0,0
2026-09-20T08:16:05.000Z,2026-09-20T08:17:55.000Z,110,6.66666666666667,8.5,0,0
2026-09-20T08:24:45.000Z,2026-09-20T08:26:25.000Z,100,6.83333333333333,8.66666666666667,0,0
2026-09-20T08:30:05.000Z,2026-09-20T08:30:15.000Z,10,3.66666666666667,5.33333333333333,0,0
2026-09-20T08:33:15.000Z,2026-09-20T08:35:05.000Z,110,3,3.16666666666667,0,0
2026-09-20T08:38:25.000Z,2026-09-20T08:39:05.000Z,40,3.33333333333333,5.16666666666667,0,0
2026-09-20T08:41:45.000Z,2026-09-20T08:43:35.000Z,110,2.66666666666667,3.33333333333333,0,0
2026-09-20T08:46:55.000Z,2026-09-20T08:47:45.000Z,50,3.33333333333333,5.16666666666667,0,0
2026-09-20T08:50:25.000Z,2026-09-20T08:52:05.000Z,100,2.66666666666667,3.5,0,0
2026-09-20T08:55:15.000Z,2026-09-20T08:56:25.000Z,70,3.16666666666667,4.83333333333333,0,0
2026-09-20T08:59:05.000Z,2026-09-20T09:00:35.000Z,90,2.66666666666667,3.83333333333333,0,0
2026-09-20T09:03:45.000Z,2026-09-20T09:05:05.000Z,80,3.16666666666667,4.66666666666667,0,0
2026-09-20T09:07:35.000Z,2026-09-20T09:09:05.000Z,90,2.5,3.83333333333333,0,0
2026-09-20T09:12:15.000Z,2026-09-20T09:13:45.000Z,90,3.16666666666667,4.66666666666667,0,0
2026-09-20T09:16:15.000Z,2026-09-20T09:17:35.000Z,80,2.5,4,0,0
2026-09-20T22:44:05.000Z,2026-09-20T22:44:45.000Z,40,806.5,807.833333333333,0,0
2026-09-20T22:48:15.000Z,2026-09-20T22:49:55.000Z,100,3.5,4.16666666666667,0,0
2026-09-20T22:52:55.000Z,2026-09-20T22:53:05.000Z,10,3,4.66666666666667,0,0
2026-09-20T22:56:45.000Z,2026-09-20T22:58:35.000Z,110,3.66666666666667,3.83333333333333,0,0
2026-09-20T23:05:15.000Z,2026-09-20T23:07:05.000Z,110,6.66666666666667,8.5,0,0
2026-09-20T23:13:55.000Z,2026-09-20T23:15:35.000Z,100,6.83333333333333,8.66666666666667,0,0
2026-09-20T23:22:25.000Z,2026-09-20T23:24:05.000Z,100,6.83333333333333,8.5,0,0
2026-09-20T23:30:45.000Z,2026-09-20T23:32:25.000Z,100,6.66666666666667,8.33333333333333,0,0
2026-09-20T23:39:05.000Z,2026-09-20T23:40:45.000Z,100,6.66666666666667,8.33333333333333,0,0
2026-09-20T23:47:35.000Z,2026-09-20T23:49:15.000Z,100,6.83333333333333,8.5,0,0
2026-09-20T23:56:05.000Z,2026-09-20T23:57:55.000Z,110,6.83333333333333,8.5,0,0
2026-09-21T00:04:35.000Z,2026-09-21T00:06:25.000Z,110,6.66666666666667,8.5,0,0
2026-09-21T00:10:05.000Z,2026-09-21T00:10:15.000Z,10,3.66666666666667,5.5,0,0
2026-09-21T00:13:15.000Z,2026-09-21T00:14:55.000Z,100,3,3.16666666666667,0,0
2026-09-21T00:18:25.000Z,2026-09-21T00:19:05.000Z,40,3.5,5.16666666666667,0,0
2026-09-21T00:21:45.000Z,2026-09-21T00:23:35.000Z,110,2.66666666666667,3.33333333333333,0,0
2026-09-21T00:26:55.000Z,2026-09-21T00:27:45.000Z,50,3.33333333333333,5.16666666666667,0,0
2026-09-21T00:30:25.000Z,2026-09-21T00:32:05.000Z,100,2.66666666666667,3.5,0,0
2026-09-21T00:35:15.000Z,2026-09-21T00:36:25.000Z,70,3.16666666666667,4.83333333333333,0,0
2026-09-21T00:38:55.000Z,2026-09-21T00:40:35.000Z,100,2.5,3.66666666666667,0,0
2026-09-21T00:43:45.000Z,2026-09-21T00:45:05.000Z,80,3.16666666666667,4.83333333333333,0,0
2026-09-21T00:47:35.000Z,2026-09-21T00:49:05.000Z,90,2.5,3.83333333333333,0,0
2026-09-21T00:52:15.000Z,2026-09-21T00:53:45.000Z,90,3.16666666666667,4.66666666666667,0,0
2026-09-21T00:56:15.000Z,2026-09-21T00:57:25.000Z,70,2.5,4,0,0
2026-09-21T01:00:45.000Z,2026-09-21T01:02:15.000Z,90,3.33333333333333,4.5,0,0
2026-09-21T01:04:55.000Z,2026-09-21T01:05:55.000Z,60,2.66666666666667,4.16666666666667,0,0
2026-09-21T01:09:15.000Z,2026-09-21T01:10:55.000Z,100,3.33333333333333,4.33333333333333,0,0
2026-09-21T01:13:35.000Z,2026-09-21T01:14:25.000Z,50,2.66666666666667,4.33333333333333,0,0
2026-09-21T01:17:45.000Z,2026-09-21T01:19:35.000Z,110,3.33333333333333,4.16666666666667,0,0
2026-09-21T01:22:15.000Z,2026-09-21T01:22:45.000Z,30,2.66666666666667,4.5,0,0
2026-09-21T01:26:15.000Z,2026-09-21T01:28:05.000Z,110,3.5,4,0,0
2026-09-21T01:34:45.000Z,2026-09-21T01:36:35.000Z,110,6.66666666666667,8.5,0,0
2026-09-21T01:43:25.000Z,2026-09-21T01:45:05.000Z,100,6.83333333333333,8.66666666666667,0,0
2026-09-21T01:51:55.000Z,2026-09-21T01:53:35.000Z,100,6.83333333333333,8.5,0,0
2026-09-21T02:00:25.000Z,2026-09-21T02:02:05.000Z,100,6.83333333333333,8.5,0,0
2026-09-21T02:08:45.000Z,2026-09-21T02:10:35.000Z,110,6.66666666666667,8.33333333333333,0,0
2026-09-21T02:17:15.000Z,2026-09-21T02:18:45.000Z,90,6.66666666666667,8.5,0,0
2026-09-21T02:25:45.000Z,2026-09-21T02:27:25.000Z,100,7,8.5,0,0
2026-09-21T02:34:15.000Z,2026-09-21T02:35:55.000Z,100,6.83333333333333,8.5,0,0
2026-09-21T02:42:45.000Z,2026-09-21T02:44:35.000Z,110,6.83333333333333,8.5,0,0
2026-09-21T02:48:05.000Z,2026-09-21T02:48:25.000Z,20,3.5,5.33333333333333,0,0
2026-09-21T02:51:15.000Z,2026-09-21T02:53:05.000Z,110,2.83333333333333,3.16666666666667,0,0
2026-09-21T02:56:25.000Z,2026-09-21T02:57:05.000Z,40,3.33333333333333,5.16666666666667,0,0
2026-09-21T02:59:55.000Z,2026-09-21T03:01:35.000Z,100,2.83333333333333,3.5,0,0
2026-09-21T03:04:55.000Z,2026-09-21T03:05:45.000Z,50,3.33333333333333,5,0,0
2026-09-21T03:08:25.000Z,2026-09-21T03:10:05.000Z,100,2.66666666666667,3.5,0,0
2026-09-21T03:13:25.000Z,2026-09-21T03:14:25.000Z,60,3.33333333333333,5,0,0
2026-09-21T03:17:05.000Z,2026-09-21T03:18:35.000Z,90,2.66666666666667,3.66666666666667,0,0
2026-09-21T03:21:55.000Z,2026-09-21T03:23:05.000Z,70,3.33333333333333,4.83333333333333,0,0
2026-09-21T03:25:45.000Z,2026-09-21T03:27:05.000Z,80,2.66666666666667,3.83333333333333,0,0
2026-09-21T03:30:15.000Z,2026-09-21T03:31:45.000Z,90,3.16666666666667,4.5,0,0
2026-09-21T03:34:25.000Z,2026-09-21T03:35:35.000Z,70,2.66666666666667,4.16666666666667,0,0
2026-09-21T03:38:45.000Z,2026-09-21T03:40:25.000Z,100,3.16666666666667,4.33333333333333,0,0
2026-09-21T03:42:55.000Z,2026-09-21T03:44:05.000Z,70,2.5,4.16666666666667,0,0
2026-09-21T03:47:15.000Z,2026-09-21T03:49:05.000Z,110,3.16666666666667,4.33333333333333,0,0
2026-09-21T03:51:45.000Z,2026-09-21T03:52:25.000Z,40,2.66666666666667,4.5,0,0
2026-09-21T03:55:55.000Z,2026-09-21T03:57:35.000Z,100,3.5,4.16666666666667,0,0
2026-09-21T04:00:25.000Z,2026-09-21T04:00:55.000Z,30,2.83333333333333,4.5,0,0
2026-09-21T04:04:25.000Z,2026-09-21T04:06:05.000Z,100,3.5,4,0,0
2026-09-21T04:12:55.000Z,2026-09-21T04:14:45.000Z,110,6.83333333333333,8.5,0,0
2026-09-21T04:21:25.000Z,2026-09-21T04:23:15.000Z,110,6.66666666666667,8.5,0,0
2026-09-21T04:30:05.000Z,2026-09-21T04:31:45.000Z,100,6.83333333333333,8.66666666666667,0,0
2026-09-21T04:38:25.000Z,2026-09-21T04:40:15.000Z,110,6.66666666666667,8.33333333333333,0,0
2026-09-21T04:46:55.000Z,2026-09-21T04:48:35.000Z,100,6.66666666666667,8.5,0,0
2026-09-21T04:55:15.000Z,2026-09-21T04:56:55.000Z,100,6.66666666666667,8.33333333333333,0,0
2026-09-21T05:03:45.000Z,2026-09-21T05:05:25.000Z,100,6.83333333333333,8.5,0,0
2026-09-21T05:12:15.000Z,2026-09-21T05:14:05.000Z,110,6.83333333333333,8.5,0,0
2026-09-21T05:20:45.000Z,2026-09-21T05:22:35.000Z,110,6.66666666666667,8.5,0,0
2026-09-21T05:26:05.000Z,2026-09-21T05:26:25.000Z,20,3.5,5.33333333333333,0,0
2026-09-21T05:29:25.000Z,2026-09-21T05:31:05.000Z,100,3,3.33333333333333,0,0
2026-09-21T05:34:35.000Z,2026-09-21T05:35:15.000Z,40,3.5,5.16666666666667,0,0
2026-09-21T05:37:55.000Z,2026-09-21T05:39:35.000Z,100,2.66666666666667,3.33333333333333,0,0
2026-09-21T05:42:55.000Z,2026-09-21T05:43:55.000Z,60,3.33333333333333,5,0,0
2026-09-21T05:46:35.000Z,2026-09-21T05:48:15.000Z,100,2.66666666666667,3.66666666666667,0,0
2026-09-21T05:51:25.000Z,2026-09-21T05:52:35.000Z,70,3.16666666666667,4.83333333333333,0,0
2026-09-21T05:55:05.000Z,2026-09-21T05:56:35.000Z,90,2.5,3.66666666666667,0,0
2026-09-21T05:59:55.000Z,2026-09-21T06:01:15.000Z,80,3.33333333333333,4.83333333333333,0,0
2026-09-21T06:03:45.000Z,2026-09-21T06:05:05.000Z,80,2.5,3.83333333333333,0,0
2026-09-21T06:08:25.000Z,2026-09-21T06:09:55.000Z,90,3.33333333333333,4.66666666666667,0,0
2026-09-21T06:12:25.000Z,2026-09-21T06:13:35.000Z,70,2.5,4,0,0
2026-09-21T06:16:55.000Z,2026-09-21T06:18:25.000Z,90,3.33333333333333,4.5,0,0
2026-09-21T06:21:05.000Z,2026-09-21T06:22:05.000Z,60,2.66666666666667,4.16666666666667,0,0
2026-09-21T06:25:25.000Z,2026-09-21T06:27:05.000Z,100,3.33333333333333,4.33333333333333,0,0
2026-09-21T06:29:45.000Z,2026-09-21T06:30:35.000Z,50,2.66666666666667,4.33333333333333,0,0
2026-09-21T06:33:55.000Z,2026-09-21T06:35:45.000Z,110,3.33333333333333,4.16666666666667,0,0
2026-09-21T06:38:35.000Z,2026-09-21T06:38:55.000Z,20,2.83333333333333,4.66666666666667,0,0
2026-09-21T06:42:25.000Z,2026-09-21T06:44:15.000Z,110,3.5,3.83333333333333,0,0
2026-09-21T06:50:55.000Z,2026-09-21T06:52:45.000Z,110,6.66666666666667,8.5,0,0
2026-09-21T06:59:35.000Z,2026-09-21T07:01:15.000Z,100,6.83333333333333,8.66666666666667,0,0
2026-09-21T07:08:05.000Z,2026-09-21T07:09:45.000Z,100,6.83333333333333,8.5,0,0
2026-09-21T07:16:35.000Z,2026-09-21T07:18:15.000Z,100,6.83333333333333,8.5,0,0
2026-09-21T07:24:55.000Z,2026-09-21T07:26:35.000Z,100,6.66666666666667,8.33333333333333,0,0
2026-09-21T07:33:25.000Z,2026-09-21T07:34:55.000Z,90,6.83333333333333,8.5,0,0
2026-09-21T07:41:45.000Z,2026-09-21T07:43:35.000Z,110,6.83333333333333,8.33333333333333,0,0
2026-09-21T07:50:25.000Z,2026-09-21T07:52:05.000Z,100,6.83333333333333,8.66666666666667,0,0
2026-09-21T07:58:55.000Z,2026-09-21T08:00:45.000Z,110,6.83333333333333,8.5,0,0
2026-09-21T08:04:15.000Z,2026-09-21T08:04:35.000Z,20,3.5,5.33333333333333,0,0
2026-09-21T08:07:25.000Z,2026-09-21T08:09:15.000Z,110,2.83333333333333,3.16666666666667,0,0
2026-09-21T08:12:35.000Z,2026-09-21T08:13:25.000Z,50,3.33333333333333,5.16666666666667,0,0
2026-09-21T08:16:05.000Z,2026-09-21T08:17:45.000Z,100,2.66666666666667,3.5,0,0
2026-09-21T08:21:05.000Z,2026-09-21T08:22:05.000Z,60,3.33333333333333,5,0,0
2026-09-21T08:24:35.000Z,2026-09-21T08:26:15.000Z,100,2.5,3.5,0,0
2026-09-21T08:29:35.000Z,2026-09-21T08:30:45.000Z,70,3.33333333333333,5,0,0
2026-09-21T08:33:15.000Z,2026-09-21T08:34:45.000Z,90,2.5,3.66666666666667,0,0
2026-09-21T08:37:55.000Z,2026-09-21T08:39:25.000Z,90,3.16666666666667,4.66666666666667,0,0
2026-09-21T08:41:55.000Z,2026-09-21T08:43:15.000Z,80,2.5,4,0,0
2026-09-21T08:46:25.000Z,2026-09-21T08:47:55.000Z,90,3.16666666666667,4.5,0,0
2026-09-21T08:50:35.000Z,2026-09-21T08:51:45.000Z,70,2.66666666666667,4.16666666666667,0,0
2026-09-21T08:54:55.000Z,2026-09-21T08:56:35.000Z,100,3.16666666666667,4.33333333333333,0,0
2026-09-21T08:59:15.000Z,2026-09-21T09:00:05.000Z,50,2.66666666666667,4.33333333333333,0,0
2026-09-21T09:03:25.000Z,2026-09-21T09:05:15.000Z,110,3.33333333333333,4.16666666666667,0,0
2026-09-21T09:07:55.000Z,2026-09-21T09:08:35.000Z,40,2.66666666666667,4.5,0,0
2026-09-21T09:11:55.000Z,2026-09-21T09:13:45.000Z,110,3.33333333333333,4,0,0
2026-09-21T09:16:35.000Z,2026-09-21T09:17:05.000Z,30,2.83333333333333,4.66666666666667,0,0
2026-09-21T22:48:05.000Z,2026-09-21T22:49:45.000Z,100,811,811.5,0,0
2026-09-21T22:56:35.000Z,2026-09-21T22:58:15.000Z,100,6.83333333333333,8.5,0,0
2026-09-21T23:04:55.000Z,2026-09-21T23:06:35.000Z,100,6.66666666666667,8.33333333333333,0,0
2026-09-21T23:13:15.000Z,2026-09-21T23:14:55.000Z,100,6.66666666666667,8.33333333333333,0,0
2026-09-21T23:21:45.000Z,2026-09-21T23:23:35.000Z,110,6.83333333333333,8.5,0,0
2026-09-21T23:30:15.000Z,2026-09-21T23:32:05.000Z,110,6.66666666666667,8.5,0,0
2026-09-21T23:38:55.000Z,2026-09-21T23:40:35.000Z,100,6.83333333333333,8.66666666666667,0,0
2026-09-21T23:44:15.000Z,2026-09-21T23:44:35.000Z,20,3.66666666666667,5.33333333333333,0,0
2026-09-21T23:47:25.000Z,2026-09-21T23:49:15.000Z,110,2.83333333333333,3.16666666666667,0,0
2026-09-21T23:52:35.000Z,2026-09-21T23:53:15.000Z,40,3.33333333333333,5.16666666666667,0,0
2026-09-21T23:55:55.000Z,2026-09-21T23:57:45.000Z,110,2.66666666666667,3.33333333333333,0,0
2026-09-22T00:01:05.000Z,2026-09-22T00:01:55.000Z,50,3.33333333333333,5.16666666666667,0,0
2026-09-22T00:04:35.000Z,2026-09-22T00:06:15.000Z,100,2.66666666666667,3.5,0,0
2026-09-22T00:09:25.000Z,2026-09-22T00:10:35.000Z,70,3.16666666666667,4.83333333333333,0,0
2026-09-22T00:13:15.000Z,2026-09-22T00:14:45.000Z,90,2.66666666666667,3.83333333333333,0,0
2026-09-22T00:17:55.000Z,2026-09-22T00:19:15.000Z,80,3.16666666666667,4.66666666666667,0,0
2026-09-22T00:21:55.000Z,2026-09-22T00:23:15.000Z,80,2.66666666666667,4,0,0
2026-09-22T00:26:25.000Z,2026-09-22T00:27:55.000Z,90,3.16666666666667,4.5,0,0
2026-09-22T00:30:25.000Z,2026-09-22T00:31:35.000Z,70,2.5,4,0,0
2026-09-22T00:34:55.000Z,2026-09-22T00:36:35.000Z,100,3.33333333333333,4.5,0,0
2026-09-22T00:39:05.000Z,2026-09-22T00:40:05.000Z,60,2.5,4.16666666666667,0,0
2026-09-22T00:43:25.000Z,2026-09-22T00:45:05.000Z,100,3.33333333333333,4.33333333333333,0,0
2026-09-22T00:47:45.000Z,2026-09-22T00:48:35.000Z,50,2.66666666666667,4.33333333333333,0,0
2026-09-22T00:51:55.000Z,2026-09-22T00:53:45.000Z,110,3.33333333333333,4.16666666666667,0,0
2026-09-22T00:56:35.000Z,2026-09-22T00:56:55.000Z,20,2.83333333333333,4.66666666666667,0,0
2026-09-22T01:00:25.000Z,2026-09-22T01:02:15.000Z,110,3.5,3.83333333333333,0,0
2026-09-22T01:09:05.000Z,2026-09-22T01:10:55.000Z,110,6.83333333333333,8.66666666666667,0,0
2026-09-22T01:17:35.000Z,2026-09-22T01:19:25.000Z,110,6.66666666666667,8.5,0,0
2026-09-22T01:26:15.000Z,2026-09-22T01:27:55.000Z,100,6.83333333333333,8.66666666666667,0,0
2026-09-22T01:34:35.000Z,2026-09-22T01:36:15.000Z,100,6.66666666666667,8.33333333333333,0,0
2026-09-22T01:42:55.000Z,2026-09-22T01:44:35.000Z,100,6.66666666666667,8.33333333333333,0,0
2026-09-22T01:51:25.000Z,2026-09-22T01:53:05.000Z,100,6.83333333333333,8.5,0,0
2026-09-22T01:59:55.000Z,2026-09-22T02:01:35.000Z,100,6.83333333333333,8.5,0,0
2026-09-22T02:08:25.000Z,2026-09-22T02:10:15.000Z,110,6.83333333333333,8.5,0,0
2026-09-22T02:16:55.000Z,2026-09-22T02:18:45.000Z,110,6.66666666666667,8.5,0,0
2026-09-22T02:22:15.000Z,2026-09-22T02:22:45.000Z,30,3.5,5.33333333333333,0,0
2026-09-22T02:25:25.000Z,2026-09-22T02:27:15.000Z,110,2.66666666666667,3.16666666666667,0,0
2026-09-22T02:30:35.000Z,2026-09-22T02:31:25.000Z,50,3.33333333333333,5.16666666666667,0,0
2026-09-22T02:34:05.000Z,2026-09-22T02:35:45.000Z,100,2.66666666666667,3.5,0,0
2026-09-22T02:39:05.000Z,2026-09-22T02:40:05.000Z,60,3.33333333333333,5,0,0
2026-09-22T02:42:45.000Z,2026-09-22T02:44:15.000Z,90,2.66666666666667,3.66666666666667,0,0
2026-09-22T02:47:35.000Z,2026-09-22T02:48:45.000Z,70,3.33333333333333,4.83333333333333,0,0
2026-09-22T02:51:15.000Z,2026-09-22T02:52:45.000Z,90,2.5,3.66666666666667,0,0
2026-09-22T02:56:05.000Z,2026-09-22T02:57:25.000Z,80,3.33333333333333,4.83333333333333,0,0
2026-09-22T02:59:55.000Z,2026-09-22T03:01:15.000Z,80,2.5,3.83333333333333,0,0
2026-09-22T03:04:35.000Z,2026-09-22T03:06:05.000Z,90,3.33333333333333,4.66666666666667,0,0
2026-09-22T03:08:35.000Z,2026-09-22T03:09:45.000Z,70,2.5,4,0,0
2026-09-22T03:13:05.000Z,2026-09-22T03:14:35.000Z,90,3.33333333333333,4.5,0,0
2026-09-22T03:17:15.000Z,2026-09-22T03:18:15.000Z,60,2.66666666666667,4.16666666666667,0,0
2026-09-22T03:21:35.000Z,2026-09-22T03:23:15.000Z,100,3.33333333333333,4.33333333333333,0,0
2026-09-22T03:25:55.000Z,2026-09-22T03:26:35.000Z,40,2.66666666666667,4.33333333333333,0,0
2026-09-22T03:30:05.000Z,2026-09-22T03:31:45.000Z,100,3.5,4.16666666666667,0,0
2026-09-22T03:34:45.000Z,2026-09-22T03:35:05.000Z,20,3,4.66666666666667,0,0
2026-09-22T03:38:35.000Z,2026-09-22T03:40:25.000Z,110,3.5,3.83333333333333,0,0
2026-09-22T03:47:05.000Z,2026-09-22T03:48:55.000Z,110,6.66666666666667,8.5,0,0
2026-09-22T03:55:45.000Z,2026-09-22T03:57:25.000Z,100,6.83333333333333,8.66666666666667,0,0
2026-09-22T04:04:15.000Z,2026-09-22T04:05:55.000Z,100,6.83333333333333,8.5,0,0
2026-09-22T04:12:35.000Z,2026-09-22T04:14:25.000Z,110,6.66666666666667,8.33333333333333,0,0
2026-09-22T04:20:55.000Z,2026-09-22T04:22:45.000Z,110,6.5,8.33333333333333,0,0
2026-09-22T04:29:25.000Z,2026-09-22T04:31:05.000Z,100,6.66666666666667,8.5,0,0
2026-09-22T04:37:55.000Z,2026-09-22T04:39:45.000Z,110,6.83333333333333,8.5,0,0
2026-09-22T04:46:25.000Z,2026-09-22T04:48:15.000Z,110,6.66666666666667,8.5,0,0
2026-09-22T04:55:05.000Z,2026-09-22T04:56:45.000Z,100,6.83333333333333,8.66666666666667,0,0
2026-09-22T05:00:15.000Z,2026-09-22T05:00:45.000Z,30,3.5,5.16666666666667,0,0
2026-09-22T05:03:35.000Z,2026-09-22T05:05:25.000Z,110,2.83333333333333,3.33333333333333,0,0
2026-09-22T05:08:45.000Z,2026-09-22T05:09:25.000Z,40,3.33333333333333,5.16666666666667,0,0
2026-09-22T05:12:15.000Z,2026-09-22T05:13:55.000Z,100,2.83333333333333,3.5,0,0
2026-09-22T05:17:05.000Z,2026-09-22T05:18:15.000Z,70,3.16666666666667,4.83333333333333,0,0
2026-09-22T05:20:45.000Z,2026-09-22T05:22:25.000Z,100,2.5,3.66666666666667,0,0
2026-09-22T05:25:35.000Z,2026-09-22T05:26:55.000Z,80,3.16666666666667,4.83333333333333,0,0
2026-09-22T05:29:25.000Z,2026-09-22T05:30:55.000Z,90,2.5,3.83333333333333,0,0
2026-09-22T05:34:05.000Z,2026-09-22T05:35:25.000Z,80,3.16666666666667,4.66666666666667,0,0
2026-09-22T05:38:05.000Z,2026-09-22T05:39:25.000Z,80,2.66666666666667,4,0,0
2026-09-22T05:42:35.000Z,2026-09-22T05:44:05.000Z,90,3.16666666666667,4.5,0,0
2026-09-22T05:46:45.000Z,2026-09-22T05:47:45.000Z,60,2.66666666666667,4.16666666666667,0,0
2026-09-22T05:51:05.000Z,2026-09-22T05:52:45.000Z,100,3.33333333333333,4.33333333333333,0,0
2026-09-22T05:55:25.000Z,2026-09-22T05:56:15.000Z,50,2.66666666666667,4.33333333333333,0,0
2026-09-22T05:59:35.000Z,2026-09-22T06:01:15.000Z,100,3.33333333333333,4.16666666666667,0,0
2026-09-22T06:04:05.000Z,2026-09-22T06:04:45.000Z,40,2.83333333333333,4.5,0,0
2026-09-22T06:08:05.000Z,2026-09-22T06:09:55.000Z,110,3.33333333333333,4,0,0
2026-09-22T06:12:45.000Z,2026-09-22T06:13:05.000Z,20,2.83333333333333,4.66666666666667,0,0
2026-09-22T06:16:35.000Z,2026-09-22T06:18:25.000Z,110,3.5,3.83333333333333,0,0
2026-09-22T06:25:15.000Z,2026-09-22T06:26:55.000Z,100,6.83333333333333,8.66666666666667,0,0
2026-09-22T06:33:45.000Z,2026-09-22T06:35:35.000Z,110,6.83333333333333,8.5,0,0
2026-09-22T06:42:25.000Z,2026-09-22T06:43:55.000Z,90,6.83333333333333,8.66666666666667,0,0
2026-09-22T06:50:45.000Z,2026-09-22T06:52:25.000Z,100,6.83333333333333,8.33333333333333,0,0
2026-09-22T06:59:05.000Z,2026-09-22T07:00:45.000Z,100,6.66666666666667,8.33333333333333,0,0
2026-09-22T07:07:35.000Z,2026-09-22T07:09:15.000Z,100,6.83333333333333,8.5,0,0
2026-09-22T07:16:05.000Z,2026-09-22T07:17:45.000Z,100,6.83333333333333,8.5,0,0
2026-09-22T07:24:35.000Z,2026-09-22T07:26:25.000Z,110,6.83333333333333,8.5,0,0
2026-09-22T07:33:05.000Z,2026-09-22T07:34:55.000Z,110,6.66666666666667,8.5,0,0
2026-09-22T07:38:25.000Z,2026-09-22T07:38:55.000Z,30,3.5,5.33333333333333,0,0
2026-09-22T07:41:45.000Z,2026-09-22T07:43:25.000Z,100,2.83333333333333,3.33333333333333,0,0
2026-09-22T07:46:45.000Z,2026-09-22T07:47:35.000Z,50,3.33333333333333,5,0,0
2026-09-22T07:50:15.000Z,2026-09-22T07:51:55.000Z,100,2.66666666666667,3.5,0,0
2026-09-22T07:55:15.000Z,2026-09-22T07:56:15.000Z,60,3.33333333333333,5,0,0
2026-09-22T07:58:55.000Z,2026-09-22T08:00:25.000Z,90,2.66666666666667,3.66666666666667,0,0
2026-09-22T08:03:45.000Z,2026-09-22T08:04:55.000Z,70,3.33333333333333,4.83333333333333,0,0
2026-09-22T08:07:25.000Z,2026-09-22T08:08:55.000Z,90,2.5,3.66666666666667,0,0
2026-09-22T08:12:15.000Z,2026-09-22T08:13:35.000Z,80,3.33333333333333,4.83333333333333,0,0
2026-09-22T08:16:05.000Z,2026-09-22T08:17:25.000Z,80,2.5,3.83333333333333,0,0
2026-09-22T08:20:35.000Z,2026-09-22T08:22:15.000Z,100,3.16666666666667,4.5,0,0
2026-09-22T08:24:45.000Z,2026-09-22T08:25:55.000Z,70,2.5,4.16666666666667,0,0
2026-09-22T08:29:05.000Z,2026-09-22T08:30:45.000Z,100,3.16666666666667,4.33333333333333,0,0
2026-09-22T08:33:25.000Z,2026-09-22T08:34:25.000Z,60,2.66666666666667,4.33333333333333,0,0
2026-09-22T08:37:45.000Z,2026-09-22T08:39:25.000Z,100,3.33333333333333,4.33333333333333,0,0
2026-09-22T08:42:05.000Z,2026-09-22T08:42:45.000Z,40,2.66666666666667,4.33333333333333,0,0
2026-09-22T08:46:15.000Z,2026-09-22T08:47:55.000Z,100,3.5,4.16666666666667,0,0
2026-09-22T08:50:55.000Z,2026-09-22T08:51:05.000Z,10,3,4.66666666666667,0,0
2026-09-22T08:54:45.000Z,2026-09-22T08:56:35.000Z,110,3.66666666666667,3.83333333333333,0,0
2026-09-22T09:03:15.000Z,2026-09-22T09:05:05.000Z,110,6.66666666666667,8.5,0,0
2026-09-22T09:11:55.000Z,2026-09-22T09:13:35.000Z,100,6.83333333333333,8.66666666666667,0,0
2026-09-22T22:47:25.000Z,2026-09-22T22:49:05.000Z,100,813.833333333333,815.5,0,0
2026-09-22T22:55:55.000Z,2026-09-22T22:57:45.000Z,110,6.83333333333333,8.5,0,0
2026-09-22T23:04:35.000Z,2026-09-22T23:06:15.000Z,100,6.83333333333333,8.66666666666667,0,0
2026-09-22T23:13:05.000Z,2026-09-22T23:14:55.000Z,110,6.83333333333333,8.5,0,0
2026-09-22T23:18:15.000Z,2026-09-22T23:18:55.000Z,40,3.33333333333333,5.16666666666667,0,0
2026-09-22T23:21:35.000Z,2026-09-22T23:23:25.000Z,110,2.66666666666667,3.33333333333333,0,0
2026-09-22T23:26:45.000Z,2026-09-22T23:27:35.000Z,50,3.33333333333333,5.16666666666667,0,0
2026-09-22T23:30:15.000Z,2026-09-22T23:31:55.000Z,100,2.66666666666667,3.5,0,0
2026-09-22T23:35:15.000Z,2026-09-22T23:36:15.000Z,60,3.33333333333333,5,0,0
2026-09-22T23:38:45.000Z,2026-09-22T23:40:25.000Z,100,2.5,3.5,0,0
2026-09-22T23:43:35.000Z,2026-09-22T23:44:55.000Z,80,3.16666666666667,4.83333333333333,0,0
2026-09-22T23:47:25.000Z,2026-09-22T23:48:55.000Z,90,2.5,3.83333333333333,0,0
2026-09-22T23:52:05.000Z,2026-09-22T23:53:35.000Z,90,3.16666666666667,4.66666666666667,0,0
2026-09-22T23:56:05.000Z,2026-09-22T23:57:25.000Z,80,2.5,4,0,0
2026-09-23T00:00:35.000Z,2026-09-23T00:02:05.000Z,90,3.16666666666667,4.5,0,0
2026-09-23T00:04:45.000Z,2026-09-23T00:05:55.000Z,70,2.66666666666667,4.16666666666667,0,0
2026-09-23T00:09:05.000Z,2026-09-23T00:10:45.000Z,100,3.16666666666667,4.33333333333333,0,0
2026-09-23T00:13:25.000Z,2026-09-23T00:14:15.000Z,50,2.66666666666667,4.33333333333333,0,0
2026-09-23T00:17:35.000Z,2026-09-23T00:19:25.000Z,110,3.33333333333333,4.16666666666667,0,0
2026-09-23T00:22:05.000Z,2026-09-23T00:22:45.000Z,40,2.66666666666667,4.5,0,0
2026-09-23T00:26:05.000Z,2026-09-23T00:27:55.000Z,110,3.33333333333333,4,0,0
2026-09-23T00:30:55.000Z,2026-09-23T00:31:05.000Z,10,3,4.83333333333333,0,0
2026-09-23T00:34:45.000Z,2026-09-23T00:36:35.000Z,110,3.66666666666667,3.83333333333333,0,0
2026-09-23T00:43:15.000Z,2026-09-23T00:45:05.000Z,110,6.66666666666667,8.5,0,0
2026-09-23T00:51:55.000Z,2026-09-23T00:53:35.000Z,100,6.83333333333333,8.66666666666667,0,0
2026-09-23T01:00:25.000Z,2026-09-23T01:02:05.000Z,100,6.83333333333333,8.5,0,0
2026-09-23T01:08:45.000Z,2026-09-23T01:10:25.000Z,100,6.66666666666667,8.33333333333333,0,0
2026-09-23T01:17:05.000Z,2026-09-23T01:18:45.000Z,100,6.66666666666667,8.33333333333333,0,0
2026-09-23T01:25:35.000Z,2026-09-23T01:27:15.000Z,100,6.83333333333333,8.5,0,0
2026-09-23T01:34:05.000Z,2026-09-23T01:35:45.000Z,100,6.83333333333333,8.5,0,0
2026-09-23T01:42:35.000Z,2026-09-23T01:44:25.000Z,110,6.83333333333333,8.5,0,0
2026-09-23T01:51:05.000Z,2026-09-23T01:52:55.000Z,110,6.66666666666667,8.5,0,0
2026-09-23T01:56:25.000Z,2026-09-23T01:56:55.000Z,30,3.5,5.33333333333333,0,0
2026-09-23T01:59:45.000Z,2026-09-23T02:01:25.000Z,100,2.83333333333333,3.33333333333333,0,0
2026-09-23T02:04:45.000Z,2026-09-23T02:05:35.000Z,50,3.33333333333333,5,0,0
2026-09-23T02:08:15.000Z,2026-09-23T02:09:55.000Z,100,2.66666666666667,3.5,0,0
2026-09-23T02:13:15.000Z,2026-09-23T02:14:15.000Z,60,3.33333333333333,5,0,0
2026-09-23T02:16:55.000Z,2026-09-23T02:18:25.000Z,90,2.66666666666667,3.66666666666667,0,0
2026-09-23T02:21:45.000Z,2026-09-23T02:22:55.000Z,70,3.33333333333333,4.83333333333333,0,0
2026-09-23T02:25:35.000Z,2026-09-23T02:26:55.000Z,80,2.66666666666667,3.83333333333333,0,0
2026-09-23T02:30:15.000Z,2026-09-23T02:31:35.000Z,80,3.33333333333333,4.66666666666667,0,0
2026-09-23T02:34:15.000Z,2026-09-23T02:35:25.000Z,70,2.66666666666667,4,0,0
2026-09-23T02:38:45.000Z,2026-09-23T02:40:15.000Z,90,3.33333333333333,4.5,0,0
2026-09-23T02:42:55.000Z,2026-09-23T02:43:55.000Z,60,2.66666666666667,4.16666666666667,0,0
2026-09-23T02:47:15.000Z,2026-09-23T02:48:55.000Z,100,3.33333333333333,4.33333333333333,0,0
2026-09-23T02:51:35.000Z,2026-09-23T02:52:25.000Z,50,2.66666666666667,4.33333333333333,0,0
2026-09-23T02:55:45.000Z,2026-09-23T02:57:25.000Z,100,3.33333333333333,4.16666666666667,0,0
2026-09-23T03:00:15.000Z,2026-09-23T03:00:45.000Z,30,2.83333333333333,4.5,0,0
2026-09-23T03:04:15.000Z,2026-09-23T03:06:05.000Z,110,3.5,4,0,0
2026-09-23T03:12:45.000Z,2026-09-23T03:14:35.000Z,110,6.66666666666667,8.5,0,0
2026-09-23T03:21:25.000Z,2026-09-23T03:23:05.000Z,100,6.83333333333333,8.66666666666667,0,0
2026-09-23T03:29:55.000Z,2026-09-23T03:31:35.000Z,100,6.83333333333333,8.5,0,0
2026-09-23T03:38:25.000Z,2026-09-23T03:40:05.000Z,100,6.83333333333333,8.5,0,0
2026-09-23T03:46:45.000Z,2026-09-23T03:48:25.000Z,100,6.66666666666667,8.33333333333333,0,0
2026-09-23T03:55:05.000Z,2026-09-23T03:56:45.000Z,100,6.66666666666667,8.33333333333333,0,0
2026-09-23T04:03:35.000Z,2026-09-23T04:05:15.000Z,100,6.83333333333333,8.5,0,0
2026-09-23T04:12:05.000Z,2026-09-23T04:13:55.000Z,110,6.83333333333333,8.5,0,0
2026-09-23T04:20:45.000Z,2026-09-23T04:22:25.000Z,100,6.83333333333333,8.66666666666667,0,0
2026-09-23T04:26:05.000Z,2026-09-23T04:26:15.000Z,10,3.66666666666667,5.33333333333333,0,0
2026-09-23T04:29:15.000Z,2026-09-23T04:31:05.000Z,110,3,3.16666666666667,0,0
2026-09-23T04:34:25.000Z,2026-09-23T04:35:05.000Z,40,3.33333333333333,5.16666666666667,0,0
2026-09-23T04:37:45.000Z,2026-09-23T04:39:35.000Z,110,2.66666666666667,3.33333333333333,0,0
2026-09-23T04:42:55.000Z,2026-09-23T04:43:45.000Z,50,3.33333333333333,5.16666666666667,0,0
2026-09-23T04:46:25.000Z,2026-09-23T04:48:05.000Z,100,2.66666666666667,3.5,0,0
2026-09-23T04:51:15.000Z,2026-09-23T04:52:25.000Z,70,3.16666666666667,4.83333333333333,0,0
2026-09-23T04:55:05.000Z,2026-09-23T04:56:35.000Z,90,2.66666666666667,3.83333333333333,0,0
2026-09-23T04:59:45.000Z,2026-09-23T05:01:05.000Z,80,3.16666666666667,4.66666666666667,0,0
2026-09-23T05:03:35.000Z,2026-09-23T05:05:05.000Z,90,2.5,3.83333333333333,0,0
2026-09-23T05:08:15.000Z,2026-09-23T05:09:45.000Z,90,3.16666666666667,4.66666666666667,0,0
2026-09-23T05:12:15.000Z,2026-09-23T05:13:35.000Z,80,2.5,4,0,0
2026-09-23T05:16:45.000Z,2026-09-23T05:18:25.000Z,100,3.16666666666667,4.5,0,0
2026-09-23T05:20:55.000Z,2026-09-23T05:21:55.000Z,60,2.5,4.16666666666667,0,0
2026-09-23T05:25:15.000Z,2026-09-23T05:26:55.000Z,100,3.33333333333333,4.33333333333333,0,0
2026-09-23T05:29:35.000Z,2026-09-23T05:30:25.000Z,50,2.66666666666667,4.33333333333333,0,0
2026-09-23T05:33:45.000Z,2026-09-23T05:35:35.000Z,110,3.33333333333333,4.16666666666667,0,0
2026-09-23T05:38:15.000Z,2026-09-23T05:38:55.000Z,40,2.66666666666667,4.5,0,0
2026-09-23T05:42:15.000Z,2026-09-23T05:44:05.000Z,110,3.33333333333333,4,0,0
2026-09-23T05:50:55.000Z,2026-09-23T05:52:45.000Z,110,6.83333333333333,8.66666666666667,0,0
2026-09-23T05:59:25.000Z,2026-09-23T06:01:15.000Z,110,6.66666666666667,8.5,0,0
2026-09-23T06:08:05.000Z,2026-09-23T06:09:45.000Z,100,6.83333333333333,8.66666666666667,0,0
2026-09-23T06:16:25.000Z,2026-09-23T06:18:05.000Z,100,6.66666666666667,8.33333333333333,0,0
2026-09-23T06:24:45.000Z,2026-09-23T06:26:35.000Z,110,6.66666666666667,8.33333333333333,0,0
2026-09-23T06:33:15.000Z,2026-09-23T06:34:45.000Z,90,6.66666666666667,8.5,0,0
2026-09-23T06:41:45.000Z,2026-09-23T06:43:25.000Z,100,7,8.5,0,0
2026-09-23T06:50:15.000Z,2026-09-23T06:52:05.000Z,110,6.83333333333333,8.5,0,0
2026-09-23T06:58:45.000Z,2026-09-23T07:00:35.000Z,110,6.66666666666667,8.5,0,0
2026-09-23T07:04:05.000Z,2026-09-23T07:04:25.000Z,20,3.5,5.33333333333333,0,0
2026-09-23T07:07:15.000Z,2026-09-23T07:09:05.000Z,110,2.83333333333333,3.16666666666667,0,0
2026-09-23T07:12:35.000Z,2026-09-23T07:13:15.000Z,40,3.5,5.33333333333333,0,0
2026-09-23T07:15:55.000Z,2026-09-23T07:17:35.000Z,100,2.66666666666667,3.33333333333333,0,0
2026-09-23T07:20:55.000Z,2026-09-23T07:21:55.000Z,60,3.33333333333333,5,0,0
2026-09-23T07:24:25.000Z,2026-09-23T07:26:05.000Z,100,2.5,3.5,0,0
2026-09-23T07:29:25.000Z,2026-09-23T07:30:35.000Z,70,3.33333333333333,5,0,0
2026-09-23T07:33:05.000Z,2026-09-23T07:34:35.000Z,90,2.5,3.66666666666667,0,0
2026-09-23T07:37:55.000Z,2026-09-23T07:39:15.000Z,80,3.33333333333333,4.83333333333333,0,0
2026-09-23T07:41:45.000Z,2026-09-23T07:43:05.000Z,80,2.5,3.83333333333333,0,0
2026-09-23T07:46:25.000Z,2026-09-23T07:47:45.000Z,80,3.33333333333333,4.66666666666667,0,0
2026-09-23T07:50:25.000Z,2026-09-23T07:51:35.000Z,70,2.66666666666667,4,0,0
2026-09-23T07:54:55.000Z,2026-09-23T07:56:25.000Z,90,3.33333333333333,4.5,0,0
2026-09-23T07:59:05.000Z,2026-09-23T08:00:05.000Z,60,2.66666666666667,4.16666666666667,0,0
2026-09-23T08:03:25.000Z,2026-09-23T08:05:05.000Z,100,3.33333333333333,4.33333333333333,0,0
2026-09-23T08:07:45.000Z,2026-09-23T08:08:35.000Z,50,2.66666666666667,4.33333333333333,0,0
2026-09-23T08:11:55.000Z,2026-09-23T08:13:35.000Z,100,3.33333333333333,4.16666666666667,0,0
2026-09-23T08:16:25.000Z,2026-09-23T08:16:55.000Z,30,2.83333333333333,4.5,0,0
2026-09-23T08:20:25.000Z,2026-09-23T08:22:15.000Z,110,3.5,4,0,0
2026-09-23T08:28:55.000Z,2026-09-23T08:30:45.000Z,110,6.66666666666667,8.5,0,0
2026-09-23T08:37:35.000Z,2026-09-23T08:39:15.000Z,100,6.83333333333333,8.66666666666667,0,0
2026-09-23T08:46:05.000Z,2026-09-23T08:47:45.000Z,100,6.83333333333333,8.5,0,0
2026-09-23T08:54:35.000Z,2026-09-23T08:56:15.000Z,100,6.83333333333333,8.5,0,0
2026-09-23T09:02:55.000Z,2026-09-23T09:04:35.000Z,100,6.66666666666667,8.33333333333333,0,0
2026-09-23T09:11:15.000Z,2026-09-23T09:12:55.000Z,100,6.66666666666667,8.33333333333333,0,0
2026-09-23T22:47:15.000Z,2026-09-23T22:49:05.000Z,110,814.333333333333,816,0,0
2026-09-23T22:52:25.000Z,2026-09-23T22:53:05.000Z,40,3.33333333333333,5.16666666666667,0,0
2026-09-23T22:55:55.000Z,2026-09-23T22:57:35.000Z,100,2.83333333333333,3.5,0,0
2026-09-23T23:00:55.000Z,2026-09-23T23:01:45.000Z,50,3.33333333333333,5,0,0
2026-09-23T23:04:25.000Z,2026-09-23T23:06:05.000Z,100,2.66666666666667,3.5,0,0
2026-09-23T23:09:25.000Z,2026-09-23T23:10:25.000Z,60,3.33333333333333,5,0,0
2026-09-23T23:13:05.000Z,2026-09-23T23:14:35.000Z,90,2.66666666666667,3.66666666666667,0,0
2026-09-23T23:17:55.000Z,2026-09-23T23:19:05.000Z,70,3.33333333333333,4.83333333333333,0,0
2026-09-23T23:21:45.000Z,2026-09-23T23:23:05.000Z,80,2.66666666666667,3.83333333333333,0,0
2026-09-23T23:26:15.000Z,2026-09-23T23:27:45.000Z,90,3.16666666666667,4.5,0,0
2026-09-23T23:30:15.000Z,2026-09-23T23:31:35.000Z,80,2.5,4,0,0
2026-09-23T23:34:45.000Z,2026-09-23T23:36:25.000Z,100,3.16666666666667,4.5,0,0
2026-09-23T23:38:55.000Z,2026-09-23T23:40:05.000Z,70,2.5,4.16666666666667,0,0
2026-09-23T23:43:15.000Z,2026-09-23T23:44:55.000Z,100,3.16666666666667,4.33333333333333,0,0
2026-09-23T23:47:45.000Z,2026-09-23T23:48:25.000Z,40,2.83333333333333,4.5,0,0
2026-09-23T23:51:55.000Z,2026-09-23T23:53:35.000Z,100,3.5,4.16666666666667,0,0
2026-09-23T23:56:25.000Z,2026-09-23T23:56:55.000Z,30,2.83333333333333,4.5,0,0
2026-09-24T00:00:25.000Z,2026-09-24T00:02:05.000Z,100,3.5,4,0,0
2026-09-24T00:08:55.000Z,2026-09-24T00:10:45.000Z,110,6.83333333333333,8.5,0,0
2026-09-24T00:17:25.000Z,2026-09-24T00:19:15.000Z,110,6.66666666666667,8.5,0,0
2026-09-24T00:26:05.000Z,2026-09-24T00:27:45.000Z,100,6.83333333333333,8.66666666666667,0,0
2026-09-24T00:34:35.000Z,2026-09-24T00:36:15.000Z,100,6.83333333333333,8.5,0,0
2026-09-24T00:42:55.000Z,2026-09-24T00:44:35.000Z,100,6.66666666666667,8.33333333333333,0,0
2026-09-24T00:51:15.000Z,2026-09-24T00:52:55.000Z,100,6.66666666666667,8.33333333333333,0,0
2026-09-24T00:59:45.000Z,2026-09-24T01:01:25.000Z,100,6.83333333333333,8.5,0,0
2026-09-24T01:08:15.000Z,2026-09-24T01:10:05.000Z,110,6.83333333333333,8.5,0,0
2026-09-24T01:16:45.000Z,2026-09-24T01:18:35.000Z,110,6.66666666666667,8.5,0,0
2026-09-24T01:22:05.000Z,2026-09-24T01:22:25.000Z,20,3.5,5.33333333333333,0,0
2026-09-24T01:25:25.000Z,2026-09-24T01:27:05.000Z,100,3,3.33333333333333,0,0
2026-09-24T01:30:35.000Z,2026-09-24T01:31:15.000Z,40,3.5,5.16666666666667,0,0
2026-09-24T01:33:55.000Z,2026-09-24T01:35:35.000Z,100,2.66666666666667,3.33333333333333,0,0
2026-09-24T01:38:55.000Z,2026-09-24T01:39:55.000Z,60,3.33333333333333,5,0,0
2026-09-24T01:42:35.000Z,2026-09-24T01:44:15.000Z,100,2.66666666666667,3.66666666666667,0,0
2026-09-24T01:47:25.000Z,2026-09-24T01:48:35.000Z,70,3.16666666666667,4.83333333333333,0,0
2026-09-24T01:51:05.000Z,2026-09-24T01:52:35.000Z,90,2.5,3.66666666666667,0,0
2026-09-24T01:55:55.000Z,2026-09-24T01:57:15.000Z,80,3.33333333333333,4.83333333333333,0,0
2026-09-24T01:59:45.000Z,2026-09-24T02:01:05.000Z,80,2.5,3.83333333333333,0,0
2026-09-24T02:04:25.000Z,2026-09-24T02:05:55.000Z,90,3.33333333333333,4.66666666666667,0,0
2026-09-24T02:08:25.000Z,2026-09-24T02:09:35.000Z,70,2.5,4,0,0
2026-09-24T02:12:55.000Z,2026-09-24T02:14:25.000Z,90,3.33333333333333,4.5,0,0
2026-09-24T02:17:05.000Z,2026-09-24T02:18:05.000Z,60,2.66666666666667,4.16666666666667,0,0
2026-09-24T02:21:25.000Z,2026-09-24T02:23:05.000Z,100,3.33333333333333,4.33333333333333,0,0
2026-09-24T02:25:45.000Z,2026-09-24T02:26:35.000Z,50,2.66666666666667,4.33333333333333,0,0
2026-09-24T02:29:55.000Z,2026-09-24T02:31:45.000Z,110,3.33333333333333,4.16666666666667,0,0
2026-09-24T02:34:25.000Z,2026-09-24T02:34:55.000Z,30,2.66666666666667,4.5,0,0
2026-09-24T02:38:25.000Z,2026-09-24T02:40:15.000Z,110,3.5,4,0,0
2026-09-24T02:46:55.000Z,2026-09-24T02:48:45.000Z,110,6.66666666666667,8.5,0,0
2026-09-24T02:55:35.000Z,2026-09-24T02:57:15.000Z,100,6.83333333333333,8.66666666666667,0,0
2026-09-24T03:04:05.000Z,2026-09-24T03:05:45.000Z,100,6.83333333333333,8.5,0,0
2026-09-24T03:12:35.000Z,2026-09-24T03:14:15.000Z,100,6.83333333333333,8.5,0,0
2026-09-24T03:20:55.000Z,2026-09-24T03:22:35.000Z,100,6.66666666666667,8.33333333333333,0,0
2026-09-24T03:29:25.000Z,2026-09-24T03:30:55.000Z,90,6.83333333333333,8.5,0,0
2026-09-24T03:37:45.000Z,2026-09-24T03:39:35.000Z,110,6.83333333333333,8.33333333333333,0,0
2026-09-24T03:46:25.000Z,2026-09-24T03:48:05.000Z,100,6.83333333333333,8.66666666666667,0,0
2026-09-24T03:54:55.000Z,2026-09-24T03:56:45.000Z,110,6.83333333333333,8.5,0,0
2026-09-24T04:00:15.000Z,2026-09-24T04:00:35.000Z,20,3.5,5.33333333333333,0,0
2026-09-24T04:03:25.000Z,2026-09-24T04:05:15.000Z,110,2.83333333333333,3.16666666666667,0,0
2026-09-24T04:08:35.000Z,2026-09-24T04:09:25.000Z,50,3.33333333333333,5.16666666666667,0,0
2026-09-24T04:12:05.000Z,2026-09-24T04:13:45.000Z,100,2.66666666666667,3.5,0,0
2026-09-24T04:17:05.000Z,2026-09-24T04:18:05.000Z,60,3.33333333333333,5,0,0
2026-09-24T04:20:35.000Z,2026-09-24T04:22:15.000Z,100,2.5,3.5,0,0
2026-09-24T04:25:35.000Z,2026-09-24T04:26:45.000Z,70,3.33333333333333,5,0,0
2026-09-24T04:29:15.000Z,2026-09-24T04:30:45.000Z,90,2.5,3.66666666666667,0,0
2026-09-24T04:33:55.000Z,2026-09-24T04:35:15.000Z,80,3.16666666666667,4.66666666666667,0,0
2026-09-24T04:37:55.000Z,2026-09-24T04:39:15.000Z,80,2.66666666666667,4,0,0
2026-09-24T04:42:25.000Z,2026-09-24T04:43:55.000Z,90,3.16666666666667,4.5,0,0
2026-09-24T04:46:35.000Z,2026-09-24T04:47:45.000Z,70,2.66666666666667,4.16666666666667,0,0
2026-09-24T04:50:55.000Z,2026-09-24T04:52:35.000Z,100,3.16666666666667,4.33333333333333,0,0
2026-09-24T04:55:15.000Z,2026-09-24T04:56:05.000Z,50,2.66666666666667,4.33333333333333,0,0
2026-09-24T04:59:25.000Z,2026-09-24T05:01:15.000Z,110,3.33333333333333,4.16666666666667,0,0
2026-09-24T05:03:55.000Z,2026-09-24T05:04:35.000Z,40,2.66666666666667,4.5,0,0
2026-09-24T05:07:55.000Z,2026-09-24T05:09:45.000Z,110,3.33333333333333,4,0,0
2026-09-24T05:12:35.000Z,2026-09-24T05:13:05.000Z,30,2.83333333333333,4.66666666666667,0,0
2026-09-24T05:16:35.000Z,2026-09-24T05:18:15.000Z,100,3.5,4,0,0
2026-09-24T05:25:05.000Z,2026-09-24T05:26:55.000Z,110,6.83333333333333,8.5,0,0
2026-09-24T05:33:35.000Z,2026-09-24T05:35:25.000Z,110,6.66666666666667,8.5,0,0
2026-09-24T05:42:15.000Z,2026-09-24T05:43:55.000Z,100,6.83333333333333,8.66666666666667,0,0
2026-09-24T05:50:35.000Z,2026-09-24T05:52:15.000Z,100,6.66666666666667,8.33333333333333,0,0
2026-09-24T05:58:55.000Z,2026-09-24T06:00:35.000Z,100,6.66666666666667,8.33333333333333,0,0
2026-09-24T06:07:25.000Z,2026-09-24T06:09:05.000Z,100,6.83333333333333,8.5,0,0
2026-09-24T06:15:55.000Z,2026-09-24T06:17:35.000Z,100,6.83333333333333,8.5,0,0
2026-09-24T06:24:25.000Z,2026-09-24T06:26:15.000Z,110,6.83333333333333,8.5,0,0
2026-09-24T06:32:55.000Z,2026-09-24T06:34:45.000Z,110,6.66666666666667,8.5,0,0
2026-09-24T06:38:15.000Z,2026-09-24T06:38:45.000Z,30,3.5,5.33333333333333,0,0
2026-09-24T06:41:35.000Z,2026-09-24T06:43:15.000Z,100,2.83333333333333,3.33333333333333,0,0
2026-09-24T06:46:45.000Z,2026-09-24T06:47:25.000Z,40,3.5,5.16666666666667,0,0
2026-09-24T06:50:05.000Z,2026-09-24T06:51:45.000Z,100,2.66666666666667,3.33333333333333,0,0
2026-09-24T06:55:05.000Z,2026-09-24T06:56:05.000Z,60,3.33333333333333,5,0,0
2026-09-24T06:58:45.000Z,2026-09-24T07:00:15.000Z,90,2.66666666666667,3.66666666666667,0,0
2026-09-24T07:03:35.000Z,2026-09-24T07:04:45.000Z,70,3.33333333333333,4.83333333333333,0,0
2026-09-24T07:07:25.000Z,2026-09-24T07:08:45.000Z,80,2.66666666666667,3.83333333333333,0,0
2026-09-24T07:12:05.000Z,2026-09-24T07:13:25.000Z,80,3.33333333333333,4.66666666666667,0,0
2026-09-24T07:15:55.000Z,2026-09-24T07:17:15.000Z,80,2.5,3.83333333333333,0,0
2026-09-24T07:20:35.000Z,2026-09-24T07:22:05.000Z,90,3.33333333333333,4.66666666666667,0,0
2026-09-24T07:24:35.000Z,2026-09-24T07:25:45.000Z,70,2.5,4,0,0
2026-09-24T07:29:05.000Z,2026-09-24T07:30:45.000Z,100,3.33333333333333,4.5,0,0
2026-09-24T07:33:15.000Z,2026-09-24T07:34:15.000Z,60,2.5,4.16666666666667,0,0
2026-09-24T07:37:35.000Z,2026-09-24T07:39:15.000Z,100,3.33333333333333,4.33333333333333,0,0
2026-09-24T07:41:55.000Z,2026-09-24T07:42:45.000Z,50,2.66666666666667,4.33333333333333,0,0
2026-09-24T07:46:05.000Z,2026-09-24T07:47:55.000Z,110,3.33333333333333,4.16666666666667,0,0
2026-09-24T07:50:45.000Z,2026-09-24T07:51:05.000Z,20,2.83333333333333,4.66666666666667,0,0
2026-09-24T07:54:35.000Z,2026-09-24T07:56:25.000Z,110,3.5,3.83333333333333,0,0
2026-09-24T08:03:15.000Z,2026-09-24T08:04:55.000Z,100,6.83333333333333,8.66666666666667,0,0
2026-09-24T08:11:45.000Z,2026-09-24T08:13:25.000Z,100,6.83333333333333,8.5,0,0
2026-09-24T08:20:25.000Z,2026-09-24T08:21:55.000Z,90,7,8.66666666666667,0,0
2026-09-24T08:28:35.000Z,2026-09-24T08:30:25.000Z,110,6.66666666666667,8.16666666666667,0,0
2026-09-24T08:37:05.000Z,2026-09-24T08:38:45.000Z,100,6.66666666666667,8.5,0,0
2026-09-24T08:45:25.000Z,2026-09-24T08:47:05.000Z,100,6.66666666666667,8.33333333333333,0,0
2026-09-24T08:53:55.000Z,2026-09-24T08:55:45.000Z,110,6.83333333333333,8.5,0,0
2026-09-24T09:02:35.000Z,2026-09-24T09:04:15.000Z,100,6.83333333333333,8.66666666666667,0,0
2026-09-24T09:11:05.000Z,2026-09-24T09:12:55.000Z,110,6.83333333333333,8.5,0,0
2026-09-24T22:47:15.000Z,2026-09-24T22:48:45.000Z,90,814.333333333333,816.166666666667,0,0
2026-09-24T22:52:05.000Z,2026-09-24T22:53:25.000Z,80,3.33333333333333,4.83333333333333,0,0
2026-09-24T22:55:55.000Z,2026-09-24T22:57:15.000Z,80,2.5,3.83333333333333,0,0
2026-09-24T23:00:35.000Z,2026-09-24T23:02:05.000Z,90,3.33333333333333,4.66666666666667,0,0
2026-09-24T23:04:35.000Z,2026-09-24T23:05:45.000Z,70,2.5,4,0,0
2026-09-24T23:09:05.000Z,2026-09-24T23:10:35.000Z,90,3.33333333333333,4.5,0,0
2026-09-24T23:13:15.000Z,2026-09-24T23:14:15.000Z,60,2.66666666666667,4.16666666666667,0,0
2026-09-24T23:17:35.000Z,2026-09-24T23:19:15.000Z,100,3.33333333333333,4.33333333333333,0,0
2026-09-24T23:21:55.000Z,2026-09-24T23:22:35.000Z,40,2.66666666666667,4.33333333333333,0,0
2026-09-24T23:26:05.000Z,2026-09-24T23:27:45.000Z,100,3.5,4.16666666666667,0,0
2026-09-24T23:30:45.000Z,2026-09-24T23:31:05.000Z,20,3,4.66666666666667,0,0
2026-09-24T23:34:35.000Z,2026-09-24T23:36:25.000Z,110,3.5,3.83333333333333,0,0
2026-09-24T23:43:05.000Z,2026-09-24T23:44:55.000Z,110,6.66666666666667,8.5,0,0
2026-09-24T23:51:45.000Z,2026-09-24T23:53:25.000Z,100,6.83333333333333,8.66666666666667,0,0
